-3.052745823691678795e-01,6.937432858265808466e-01,-1.575461455615278783e-01,-4.026492345072562040e-01,-2.721490067945234181e-01,3.631401691459515413e-01,1.784679424280625204e-01,6.652357957820386192e-01,-4.431045138293772112e-01,0.000000000000000000e+00,0.000000000000000000e+00
-3.977298003981928599e-04,3.362562306684530739e-02,9.924187843997584607e-03,-5.993078791533528182e-01,1.048367013963870109e+00,3.036347854823501780e-01,3.887576304337262423e-01,5.053705135020257755e-01,-3.649722572751150640e-01,1.000000000000000000e+00,0.000000000000000000e+00
-4.483131201940872279e-02,2.570843831609330721e-01,7.715449491126671888e-02,-4.751024224451834699e-01,1.407891019947069555e+00,5.555598903344853567e-02,4.603507429664481510e-02,4.768669785076025125e-01,2.938389335409972714e-01,1.000000000000000000e+00,0.000000000000000000e+00
-1.039561532787266172e-02,-2.371701086369793279e-02,1.188150727335054654e-02,-2.008153843600475330e-01,3.858478341659781208e-01,4.968926150985788354e-02,-2.367682920824112913e-01,6.850641468227589570e-01,3.085277879569063852e-01,1.000000000000000000e+00,2.460899939438767614e+00
-2.464530658287336900e-03,-7.721480511780150560e-03,-4.901094248768897779e-03,-1.055912047703138484e-01,-6.864483528315747096e-02,1.276329361719259481e-01,-1.273917615254934431e-02,7.020007698789121342e-01,-4.869283303542842195e-02,1.000000000000000000e+00,2.154019408740086572e+00
-7.279309773293875241e-02,9.492651489476260085e-02,1.017282011598561603e-01,-1.128365177343123443e-01,6.323140272283678254e-01,1.209281002206405720e-01,1.784679424280625204e-01,5.735300604280126890e-01,1.475056910292493230e-02,1.000000000000000000e+00,1.774160147732749104e+00
-1.465707398447257254e-02,-1.827367792658848595e-03,7.534479594873897713e-03,-1.243711719451193534e-02,7.928562069054689854e-01,4.431643621521019413e-03,5.061487935387486148e-02,5.999676317656812419e-01,1.557010918393394450e-01,1.000000000000000000e+00,1.425195982858808996e+00
1.391829323373689441e-02,3.465183807727546805e-02,-3.848193023629993548e-02,-2.278420706012646013e-02,-4.828536789306692861e-02,-3.160871698392806600e-02,1.779290113338700616e-02,6.441682806371914483e-01,1.235105192226419873e-01,1.000000000000000000e+00,1.417164757357387117e+00
1.949829082191356297e-03,9.128934633681931587e-03,-1.342568032634397328e-02,-6.522106706307198576e-02,-1.794325149371820416e-01,-8.979906662935219913e-03,7.351393970942241007e-02,6.536695739936456695e-01,-3.525417221043978394e-02,1.000000000000000000e+00,1.542368506911126369e+00
3.043941044932906848e-01,-1.195100313038269940e-01,2.520144150291566132e-01,-7.258526429053846658e-03,2.705378517591991439e-01,-4.334217281786620357e-02,2.864751506436073458e-01,4.665399208233363404e-01,1.144473140550107404e-01,1.000000000000000000e+00,2.730728272338301732e+00
3.189603360410943333e-02,7.687855452198057160e-02,-9.767917276067598908e-02,1.107366506422804292e-01,2.275758535570574503e-01,-3.467358281005454290e-01,6.230913117275145297e-01,2.269478346041276240e-01,9.007011851526998403e-02,1.000000000000000000e+00,3.623160587410814149e+00
2.539807998054333993e+00,-1.774479052662366330e-01,2.614972423058324225e+00,3.218859095567856432e-01,5.667494960915493429e-01,-1.137906029768407601e+00,1.270753037858751711e+00,-2.410824805973951213e-01,-1.618283432411446177e-01,1.000000000000000000e+00,4.857099270817940351e+00
-1.642070890019851209e-02,2.125650211335386730e-01,-7.676562557625550565e-02,5.878925799748475622e-01,2.208349918656657973e+00,-2.315442273314216592e+00,1.039090847612214485e+00,-5.190917597189792509e-01,-1.900264760057146507e-02,1.000000000000000000e+00,7.826041927466306447e+00
-1.097294873077817381e-02,1.949462694484275227e-01,2.483440552278297700e-02,8.093923081895190164e-01,1.439556349289015547e+00,-3.657246415466477885e+00,5.009630280887854559e-01,-1.282068046113226556e+00,4.588543840713972810e-01,1.000000000000000000e+00,9.020086331695727822e+00
4.035915398909851959e+00,2.307248252803782318e+00,3.204516898944618664e+00,9.191071117639850740e-01,-1.147207923346676761e+00,-4.374663516081017889e+00,-1.283636828221561776e+00,-8.908722547464306141e-01,6.910633736911842018e-01,1.000000000000000000e+00,1.123814760916004296e+01
-5.838876114173647408e-02,6.676759891835008787e-02,6.647573011843385671e-02,2.070077498479331091e+00,2.456651155110906593e-01,-4.003383614723210471e+00,-2.355694469116527578e+00,1.178923179700915869e-01,4.444080675210264342e-02,1.000000000000000000e+00,1.135482337958452170e+01
2.330532500860494238e+00,2.077491605891809812e+00,1.629965011360702709e+00,2.280191832889499004e+00,1.439130265714692325e-01,-3.224785236159971813e+00,-2.739253569071534056e+00,1.629191797668349817e-01,-5.509270602471378897e-01,1.000000000000000000e+00,1.211563060359236488e+01
2.553679843900444682e-02,4.498640610831183828e-02,5.318030352326689331e-02,1.331055276888713390e+00,-1.916001492714318744e+00,-2.519101511916932434e+00,-3.040375993085031148e+00,1.319373165641584966e-01,-6.703131468000496085e-01,1.000000000000000000e+00,1.197259792671598966e+01
1.306432675776868502e+00,1.410807933356212018e+00,8.622603886337750767e-01,1.304143975091161867e+00,-8.487351732744004007e-01,-1.902257107923035262e+00,-3.032361360536926398e+00,2.494717695948185307e-02,-8.675189349827031604e-01,0.000000000000000000e+00,1.017319721977350078e+01
1.868869853102426981e-01,1.690644333493802540e-02,5.867465300460826538e-02,1.089889612308636790e+00,1.461741874996618507e-01,-1.397718383542875920e+00,-3.291502527780687526e+00,1.959663164763893739e-01,-1.136918984404104327e+00,0.000000000000000000e+00,9.716254451000802206e+00
-8.787164901725807997e-02,-3.510160127189541623e-01,1.181056300128497175e-02,5.889276210750699070e-01,7.860817622608788913e-01,-6.300150132936954694e-01,-3.751773702776857622e+00,5.408959784198337228e-01,-1.309435014290348587e+00,0.000000000000000000e+00,8.568929072785071099e+00
5.950786037135416540e-02,3.216543038332921045e-02,4.590400285878794978e-02,-1.128331597728359365e-01,2.750601693703330630e-01,3.170425691685753722e-01,-3.891076044166783543e+00,4.091203827605097154e-01,-1.144419681242170750e+00,0.000000000000000000e+00,9.355924773242664472e+00
4.781561499001480472e-04,2.042153884657112173e-02,3.646497474535569799e-02,-7.980331858539461143e-01,-7.741169433038185277e-01,1.321929342041762379e+00,-3.808639687037978394e+00,4.434067870966727498e-01,-1.052536138449066572e+00,0.000000000000000000e+00,9.284656951745203557e+00
-1.485738173631820480e+00,-3.015362677570296412e+00,-8.348812256750239857e-01,-9.843413611998765855e-01,2.049642888502697935e-01,2.428226723274084620e+00,-3.915501879429642784e+00,7.391791437520993657e-01,-8.462669754022390523e-01,0.000000000000000000e+00,1.122512001470033560e+01
-8.990483799894863348e-02,1.408387739225421820e-01,-1.441599833402486784e-02,-8.156372211634758118e-01,2.126926635779714303e+00,3.644320187245492448e+00,-3.408287765562374005e+00,6.088586911613462493e-02,-8.306405084270904737e-01,0.000000000000000000e+00,1.157315156187009819e+01
-3.733012398777940000e+00,-3.023239275190807707e+00,-3.537479531102907693e+00,-1.460470566605322373e+00,1.438619386391816685e-03,4.249431057516527055e+00,-2.045793856130536881e+00,-1.027604886404693829e+00,-8.494628027780284918e-02,0.000000000000000000e+00,1.304274147602722955e+01
-4.691656645638522111e-02,8.238761582583091492e-02,-2.463742290347888456e-02,-1.646778644788015500e+00,-2.395388428203459430e+00,4.132096507044714429e+00,-1.225625955661642452e+00,-4.806743597716407468e-01,-1.115110992175806920e-01,0.000000000000000000e+00,1.256396667053994598e+01
-4.292893329260199842e+00,-1.036714866521845746e+00,-3.781163146884616744e+00,-7.307635303065558308e-01,4.440061122065658283e-02,4.038228866667263439e+00,-6.760485198810096685e-01,-3.534426763948928518e-01,1.510132379004241188e-01,0.000000000000000000e+00,1.250737822098718688e+01
-1.572869968438757315e-02,5.357411244345071377e-02,-7.692726135463727466e-02,-4.523363181042065473e-01,9.640723827718924999e-02,3.636777234998944230e+00,2.792238003409667768e-01,-6.124500589534461747e-01,-1.599531964441464615e-01,0.000000000000000000e+00,1.178286913871845520e+01
-2.272659466462370048e+00,2.052315955238320555e+00,-2.501175521198267582e+00,-1.095099581345608364e+00,-2.006469283455991626e+00,2.960426873008974002e+00,7.921626936436942934e-01,-2.005997726356847644e-01,-2.340226044798921490e-01,0.000000000000000000e+00,9.334728547194163895e+00
1.015178593053847611e-02,3.208594729301913334e-02,-4.914061401962259434e-02,-1.005050539242720919e+00,-1.771308895034565234e+00,2.265638707809759289e+00,1.265791483282470598e+00,-1.200473423986515575e-01,-2.655879889260679971e-01,0.000000000000000000e+00,8.756378433007503403e+00
1.516786416057612843e-02,7.105632984232063132e-02,-6.699922523858116430e-02,-6.479599313664045068e-01,-4.394871120877214543e-01,1.746852210966902685e+00,1.281820844022490746e+00,8.277966620120232044e-02,-1.224497383609747664e-01,0.000000000000000000e+00,6.790579721004210256e+00
-7.754730956515389906e-01,1.362300286486213929e+00,-6.254384081221670000e-01,-4.958082483563456266e-01,2.772998365912648921e-01,1.270809188863500472e+00,1.756594617603876696e+00,-2.255815107549060880e-02,-8.963408200239719736e-02,0.000000000000000000e+00,6.473754170170637146e+00
-1.494837691151237186e-02,1.356762365470217530e-02,-1.872217600774151586e-02,-4.575115527542896743e-01,3.202618432839091644e-01,5.207060405229324562e-01,1.716521231694461802e+00,1.435038834274899866e-01,1.041337847606572664e-01,0.000000000000000000e+00,4.753779807706056459e+00
2.946082022085055874e-02,-1.221947934653704604e-01,3.205468202554958013e-01,-7.454476191123390882e-02,1.098099962968793308e+00,3.595844325065587679e-03,1.308918106570060802e+00,3.215455049876841387e-01,2.035180008953836051e-01,0.000000000000000000e+00,4.386914998104930241e+00
-3.145971680075901333e-02,-6.271355686367476902e-03,1.299478399971179012e-02,2.111277768579671310e-01,1.688262145893568045e+00,-1.975491291814619188e-01,1.051303669599833457e+00,3.566580532340921650e-01,2.394589454275586060e-01,0.000000000000000000e+00,4.134413334936691165e+00
-4.745831081390588374e-02,-5.852872991604658459e-01,3.033234037912297953e-01,3.353332238498127338e-01,1.636255525204912020e+00,-2.503496768937779060e-01,7.005664649740123151e-01,4.215131625490741163e-01,3.035273790934708282e-01,0.000000000000000000e+00,3.368314346730370890e+00
-4.554836537827096354e-02,-2.013038057078439177e-02,-5.822579623783029172e-03,4.160667503058430583e-01,1.165934833267084691e+00,-1.045195736290016886e-01,5.425629529841121679e-01,4.351450029192841518e-01,2.238325045595703777e-01,0.000000000000000000e+00,3.046850477165498727e+00
-1.308315811347911251e-01,-6.180530773965920571e-02,-7.865656459934046441e-02,2.556347190613574849e-01,3.813130991948327497e-01,5.136777569513446134e-02,7.310985199430592996e-01,3.785517813041719970e-01,1.006263684252835418e-02,0.000000000000000000e+00,2.695924770870530285e+00
-3.764166579533323453e-02,-1.158965757347324085e-02,-1.163258513657188659e-02,4.862564689528642986e-02,2.178903674979097010e-02,7.651089477731846944e-02,7.883461867725634065e-01,3.537664287720062029e-01,-3.119119315612109422e-02,0.000000000000000000e+00,2.332136542533144841e+00
-3.705510560288404615e-02,-1.993714834678902287e-02,-2.052463052826896533e-02,4.034890244532619852e-02,3.536559361517702810e-02,5.974692455032750565e-02,8.345259836757877858e-01,3.277418086132317665e-01,1.624280452333505369e-03,0.000000000000000000e+00,1.914075242935034948e+00
-2.542539643888948320e-02,-1.168535297966202674e-01,-1.255121639252710676e-02,4.966431218425507860e-02,1.953748883228904540e-02,-1.819674696471333675e-02,9.036048218057977088e-01,3.781386230803147619e-01,-8.838407116159992249e-02,0.000000000000000000e+00,1.861561537078092909e+00
-4.906443125098266383e-02,-2.358188961017060326e-02,1.519113744664639951e-03,-1.243841102017802236e-02,3.225326281967670350e-01,-1.363694090112485824e-01,9.097112009183366821e-01,4.194475439672576966e-01,-2.005820210223972777e-01,0.000000000000000000e+00,1.867340181951066880e+00
7.828701331927191698e-02,-1.009595611712105767e-01,2.805332971668573205e-01,-4.555986351894910497e-02,7.747641345950845304e-01,-1.606744354008740605e-01,6.734692661889829512e-01,5.045440590243360779e-01,2.568907771051656339e-02,0.000000000000000000e+00,1.922239524320777937e+00
-5.252909072481067032e-02,-2.032749863475032809e-02,5.518150061929354318e-03,-8.298229421395421010e-03,6.820566766324795971e-01,-1.254740623917619813e-01,5.700418662187951568e-01,5.731170057266372631e-01,7.663127494015836705e-02,0.000000000000000000e+00,1.982585328748374343e+00
2.265210859366607182e-02,4.572824828452877466e-02,4.028084337410903215e-02,-5.487527325787799892e-02,2.433920806150512428e-01,-6.429246974033926698e-02,5.765298960184472854e-01,5.648552215492487205e-01,9.788320841346198620e-02,0.000000000000000000e+00,2.075380314757843792e+00
-3.407089824175147524e-02,-2.058661350915683141e-02,-1.886154420807370155e-02,-1.169779977254331860e-01,-1.952724856856181690e-01,-6.429246974033926698e-02,7.196489993296667498e-01,5.119797337989738795e-01,5.725446215669241501e-02,0.000000000000000000e+00,2.071659600063710638e+00
1.616161268616235769e-01,-4.000556887521846544e-02,2.184376797091035216e-01,-1.231882695892092677e-01,-1.342212382651971070e-01,-1.455885623780500404e-01,8.249847164979605685e-01,4.764539238062270865e-01,-4.463003673123271120e-02,0.000000000000000000e+00,2.097480958493062264e+00
-2.481445115978391999e-02,6.207666121199390506e-03,-8.637054355621268456e-03,-6.936590695893397884e-02,3.768003758516050850e-01,-2.109606814328101876e-01,7.406397871208866279e-01,4.991740028315153066e-01,1.163224347448486296e-01,0.000000000000000000e+00,2.062082391779868740e+00
3.032012124165121558e-01,-3.008153760253810538e-01,2.522101503779621279e-01,3.517367848319911255e-02,2.207805222761404784e-01,-2.578945094891035850e-01,7.726985404821971049e-01,4.409281138134809042e-01,2.157067553082164801e-01,1.000000000000000000e+00,2.139550209114410517e+00
-2.349963364974693922e-02,1.474044080948090814e-02,-1.604972605483429016e-02,1.003815369393775969e-01,5.119369464101761885e-02,-3.869625307432343897e-01,8.734543218800525644e-01,2.674307496108010440e-01,1.678898201450118033e-01,1.000000000000000000e+00,2.476408631999387655e+00
-4.897150429914510356e-02,-1.634981153751951730e-02,6.788335219114705055e-03,2.142365340637042981e-01,2.592202028671482528e-01,-5.696692238725121760e-01,7.478912139385759383e-01,2.095981568465990486e-01,1.025712712096605445e-01,1.000000000000000000e+00,2.512724139994167327e+00
5.124127338224128136e-01,-5.729504637700075786e-01,5.721985846979280588e-01,2.225169017307783992e-01,2.886152355001342373e-01,-6.685654676107224414e-01,4.181447652227043843e-01,4.471246244839913175e-01,5.756696486689184822e-02,1.000000000000000000e+00,2.881294479129268726e+00
-6.023477810696351020e-02,-2.924302856014051807e-02,3.125249506507742775e-02,2.411476998327240218e-01,5.803045409950940980e-01,-6.476128985345802613e-01,2.269376338895843781e-01,5.681600042351918622e-01,-2.126091463144247871e-03,1.000000000000000000e+00,2.809680300145874554e+00
4.078494822570043477e-01,-6.043681864490803024e-01,6.196073414313881811e-01,3.405120632559948124e-01,9.963575489568528010e-01,-5.881074676655702049e-01,-1.884559256617472645e-02,6.817593641368158153e-01,6.937348668930713204e-03,1.000000000000000000e+00,2.785858249958265365e+00
-5.907088451160880799e-02,-3.487820303393990296e-02,2.886722807043170733e-02,3.249863884547163906e-01,3.948896675223972919e-01,-4.389250014981280756e-01,-1.890619147476237105e-01,8.325374429865664005e-01,-6.650705394641619195e-02,1.000000000000000000e+00,2.610976515247490415e+00
5.945579491606968470e-02,-9.499391367081470861e-02,9.091393723500880431e-02,1.469585807758601870e-01,1.597292578747142866e-01,-2.067701550294727686e-01,-1.291427154252173248e-01,7.495062014363661484e-01,-1.211995969843752685e-01,1.000000000000000000e+00,2.225562424445726606e+00
-2.563168109083675816e-02,-2.024624925354542859e-02,-6.685831433565267608e-03,-1.968372816219572316e-02,-1.048261801607034138e-01,-6.764488456895471902e-02,4.374516060958519303e-02,7.416574719603529209e-01,-9.588465834959247758e-02,1.000000000000000000e+00,2.042546750728676308e+00
9.809363518856814568e-02,1.157387205193923102e-01,6.332540254605822927e-02,-1.097326808749052030e-01,-8.899807701223717837e-02,-4.585418031538617684e-02,2.177779950819810351e-01,6.181437640008988765e-01,-8.994674135555912053e-02,1.000000000000000000e+00,1.790208465735323218e+00
3.093776560430707562e-02,7.771930898835846535e-02,-7.015159633295586783e-02,-1.211181767008083776e-01,-1.342212382651971070e-01,-9.697852533393527819e-02,2.261743325153582063e-01,4.884335453709343078e-01,4.319063926834264960e-02,1.000000000000000000e+00,2.681699763664501024e+00
4.401212638835966945e-02,1.448365967359857287e-01,-1.096675558735350775e-01,-5.591032018789462987e-02,-6.768990332074240612e-01,-4.003721869106690034e-01,1.151677895954386743e+00,-1.018713136859151769e-01,6.506765648352613729e-02,1.000000000000000000e+00,3.980119023072271833e+00
1.767563938480446906e+00,-2.334887828066086468e-01,1.415725230267367740e+00,2.546033021498813609e-01,-1.749220543128897631e-01,-1.424535382812721851e+00,2.033673239616871964e+00,-4.079707280256083535e-01,-6.188913874500222984e-03,1.000000000000000000e+00,7.847619601743183182e+00
2.189155751267101574e-02,4.149017681798803925e-01,-5.989580653521833081e-02,8.052474799532455263e-01,1.170466702693612193e+00,-3.135943712991759558e+00,2.384410571767774378e+00,-1.496048359830073560e+00,6.037975033029005512e-02,1.000000000000000000e+00,1.043312233574268078e+01
5.641310873951301375e+00,2.423578644005166094e+00,5.343951058040202540e+00,1.324840230423463217e+00,1.229256789185840582e+00,-5.149069818330001880e+00,5.803464028895781723e-01,-2.621717282179126141e+00,1.693821861012227703e-02,1.000000000000000000e+00,1.468343305514482289e+01
-1.173248793549580005e-01,1.380752351870524475e-01,9.558713145974752357e-02,2.278117106286317473e+00,2.873118275038362146e+00,-6.424664283729575764e+00,-1.907636243633057838e+00,-2.463917100868521892e+00,-6.621873453343748439e-01,1.000000000000000000e+00,1.614699551577333736e+01
2.305243847889185460e+00,3.373936935965508699e+00,1.963315831680004120e+00,2.522387816436471919e+00,2.775888435785853758e+00,-5.694675596037455101e+00,-6.075646362553244195e+00,9.849670504919419978e-01,-1.094727567953375669e+00,1.000000000000000000e+00,1.771569163130392610e+01
-3.904743308802298418e-02,6.547096477177873075e-02,3.766179746277507900e-02,1.097130216742162379e+00,-9.391933272956543011e-01,-2.558490176940039440e+00,-5.625679851752939165e+00,5.768348431139558308e-01,-5.921808380314665943e-01,1.000000000000000000e+00,1.790865332063960835e+01
-3.264601831357651085e-02,1.260579593799942444e+00,-1.405795974127772796e+00,-7.597412221015401590e-01,-7.788239602923755278e+00,-1.037331287580056882e+00,-4.006334806725099007e+00,-9.360952950852659271e-02,-7.465702304501532494e-01,1.000000000000000000e+00,1.463217816492215029e+01
1.111277935324640476e-01,-1.212237090763161954e-02,4.213159313121340316e-02,-6.645170036465115615e-01,-5.373323314606126111e+00,-5.487165997233931503e-01,-3.169373989091795796e+00,-4.382225885235456996e-03,-7.812609552842474381e-01,1.000000000000000000e+00,1.306628876017515495e+01
7.406905238480480935e-02,-1.311467313286357635e-02,3.099623740640131131e-02,2.214818509142322811e-01,3.044433365259747726e-01,-9.781662589406189823e-02,-3.262878885653557770e+00,2.967599454105552814e-01,-3.705977759875908606e-01,1.000000000000000000e+00,9.635796099873585874e+00
-7.503916193054199768e-02,-1.026788311687726774e+00,2.553057456194645636e-01,3.187761224207344979e-01,1.568430418984578356e+00,5.559045489184032407e-01,-3.240361144419912076e+00,3.744208892154776702e-01,-1.502648292131541219e-01,1.000000000000000000e+00,9.513415375936721929e+00
7.078431530709022867e-02,-6.753553100908487108e-03,3.276619992714494695e-02,8.071567344640030728e-02,7.611971817616826064e-01,1.294274132065836413e+00,-3.291502527780687526e+00,4.892598273111551377e-01,-1.805800722827306803e-01,1.000000000000000000e+00,7.764357750764426136e+00
-9.720274389720606756e-01,-2.790297299277438192e+00,-5.152675732896758731e-01,1.447277000346992165e-02,7.091905822992833341e-01,2.096339735426162143e+00,-2.985800359284373595e+00,3.227846690918109163e-01,-3.912246779333353186e-01,1.000000000000000000e+00,8.099740657648419884e+00
5.287290671586816586e-03,2.768735307533191220e-02,1.549707668750054113e-02,-1.883961348468143893e-01,7.973757014244977626e-01,2.636078746272183970e+00,-2.457595298219533486e+00,1.618244273157636124e-04,-5.084230888718891395e-01,0.000000000000000000e+00,8.385699463558660582e+00
-1.749875455081215669e+00,-3.134589785840711684e+00,-1.111208995077315631e+00,-2.370442908140557026e-01,1.181769111133546435e+00,2.885834459790036721e+00,-2.012590150707886938e+00,-1.229388288307623617e-01,-2.834022098370558851e-01,0.000000000000000000e+00,9.232092112273463158e+00
9.579724978801197610e-03,1.226763355542967102e-02,1.453798369596502257e-02,1.964696112038594525e-02,1.561643620658746290e+00,2.863205603050392067e+00,-1.630557525976251920e+00,-7.088965752820174104e-02,-2.055825082073138022e-01,0.000000000000000000e+00,9.038933183607676725e+00
-2.519518219060045805e+00,-2.009303519067013877e+00,-2.123688045193803831e+00,8.485482249146156231e-02,1.373967556541098034e+00,2.721565931778135994e+00,-1.292796508474816530e+00,1.439168691138781042e-01,-3.740355929785483258e-01,0.000000000000000000e+00,8.229863264902963493e+00
1.627046551109974717e-02,-1.982587202035844542e-02,1.504804678691821357e-02,-3.301983979196682628e-01,3.067011309698976507e-01,2.630212687491882306e+00,-1.039380260944103407e+00,2.934552662470936157e-01,-3.977877830978904239e-01,0.000000000000000000e+00,9.178295286578970646e+00
-2.401501575142350742e-02,-3.426176751132387066e-02,-6.566460102102689156e-02,-7.328310473975395700e-01,-1.072605061185749831e+00,2.594174190319939566e+00,-6.149844099429154776e-01,3.091526216766382062e-01,-4.952968785427789289e-01,0.000000000000000000e+00,7.982458817349377789e+00
-2.961574365176379953e+00,4.945533626401049654e-01,-3.149485613704047893e+00,-1.010223121336429219e+00,-1.667289413137863274e+00,2.398895957318489813e+00,-7.014412657725978967e-03,1.211970316410468929e-01,-5.168613669406026956e-01,0.000000000000000000e+00,8.317003466571980752e+00
-7.859140176480706921e-04,7.134792212380103131e-03,-7.203285587350552466e-02,-1.066115690536093119e+00,-1.447957125742277418e+00,2.004148988514958152e+00,4.055502606667021337e-01,1.377205999958240890e-01,-4.027882441756467369e-01,0.000000000000000000e+00,6.738424116745298953e+00
-1.452555390466620633e+00,1.245740277468384116e+00,-1.464272623113117566e+00,-8.404757784878843507e-01,-7.108198008788292332e-01,1.568334809032769783e+00,6.475169557027522504e-01,1.183053381639733309e-01,-3.471581407927689100e-01,0.000000000000000000e+00,6.651116699054131054e+00
2.985206680323650077e-03,4.007399786905160161e-02,-3.091968635023908604e-02,-7.173053434472899115e-01,-2.568905425152407176e-02,1.155987696996306102e+00,8.749809246285049635e-01,5.551577841581958883e-02,-2.687132770996656372e-01,0.000000000000000000e+00,6.014205908659750577e+00
-4.949833069043332867e-01,8.447410216970383523e-01,-4.023952023744918338e-01,-6.438171532744351166e-01,3.451407775988951099e-01,8.073363376754193466e-01,8.074287211282178411e-01,9.599845187003630542e-02,8.319443231903432545e-02,0.000000000000000000e+00,4.355795288888311134e+00
8.064554324377181185e-03,5.313039782501030421e-03,-3.213312971325226614e-02,-3.457240727209466291e-01,1.981655422646932674e-01,4.452754165979151968e-01,9.257405297770865404e-01,1.154137482093809952e-01,4.569081759289991829e-02,0.000000000000000000e+00,3.818324907527098855e+00
1.120379504153529854e-01,1.924171175148030599e-01,2.436483381413049876e-01,-2.701657614823521070e-01,3.021787921325072568e-01,8.656688202578138869e-02,8.925368562357071101e-01,2.649522143575844257e-01,-1.212701361865656073e-02,0.000000000000000000e+00,2.842092731997438282e+00
-2.748297050723202267e-02,-8.545808472827383373e-03,8.429760206120510968e-03,-1.873621139605821939e-01,7.724995902016169591e-01,-1.003303139041294562e-01,5.986656358710065184e-01,4.425806776939213427e-01,1.735153127503272219e-01,0.000000000000000000e+00,2.619458082340723859e+00
3.869485938534945879e-02,4.400682117753043632e-02,1.374421403390952146e-01,-8.799776025363517662e-02,8.584235611343925543e-01,-1.229591234383654863e-01,3.780714111945597256e-01,6.082294159430697844e-01,2.619609680631409532e-01,0.000000000000000000e+00,2.126003636404905084e+00
-2.356158495097002842e-02,-1.002366406530149148e-02,1.381993418530940571e-03,-7.454216765280159696e-02,3.971474195138072760e-01,-5.172028079379873550e-02,3.792163632558990249e-01,6.280577669837902333e-01,2.707118271635352569e-01,0.000000000000000000e+00,2.039950165182551789e+00
-2.597702664234875780e-02,-1.738839058422127215e-02,9.580988385360761882e-04,-9.938326093770021019e-02,-6.186757815959049306e-02,-5.423459427553075501e-02,4.337924433943410318e-01,6.206224372840912773e-01,2.500848991106302543e-01,0.000000000000000000e+00,1.944731452920778425e+00
3.750526259055145251e-02,-1.340960615209365048e-01,9.071517066190505629e-02,-1.243944610014353913e-02,-1.890558208007444077e-02,-9.027306784476946122e-02,4.177631145355913400e-01,6.218612563132791538e-01,1.816410620016811472e-01,0.000000000000000000e+00,1.878717723845966248e+00
-1.238201130544843397e-02,-6.771216009864539781e-03,-1.588678923411324800e-02,1.831911308512620129e-01,3.293313344524563258e-01,-6.597161333106439651e-02,4.215796214067222270e-01,5.698122230406940103e-01,2.003927127217859649e-01,0.000000000000000000e+00,1.757422960242802423e+00
1.186344458830211751e-01,-2.247938626141001983e-01,3.430149800500219281e-02,1.645603036003452924e-01,-9.350512869974682284e-02,-1.129054335197896969e-01,6.009555718749554076e-01,4.570386274668821192e-01,1.166349374550478268e-01,0.000000000000000000e+00,1.908922132238152436e+00
-3.024903020128513753e-02,-1.727128549783287989e-02,2.222085312324475256e-03,1.159131775634179157e-01,-3.105762572897659002e-01,-2.444877643218685004e-01,5.341666697488944848e-01,4.450593509771137435e-01,1.100718583976533493e-01,0.000000000000000000e+00,1.983841870843486177e+00
2.062632433529432152e-01,-6.260292714782040857e-01,2.899704861104906439e-01,2.866956586754224046e-01,6.025358729640722943e-02,-3.232695631467675246e-01,3.418145640375460093e-01,5.297424662578779087e-01,8.131925941487569420e-02,0.000000000000000000e+00,2.106417951498661623e+00
-6.977000604444082155e-02,-4.472350848685793800e-02,1.592335537649470015e-02,4.253917490846477190e-01,3.180255510377496542e-01,-3.358411187540754628e-01,1.769413396796101767e-01,6.107080892262616301e-01,-1.650244316885370391e-02,0.000000000000000000e+00,2.075668030512062057e+00
7.938566033142008260e-02,-3.291069404480622129e-01,1.933505862404426290e-01,3.363778549615433766e-01,1.755726205789279182e-01,-3.006407300098271618e-01,7.694879589344019721e-02,6.986959871929689925e-01,-1.505773319233535412e-01,0.000000000000000000e+00,1.949382254235826117e+00
-5.651704097706905516e-02,-4.107965036892474719e-02,1.278607228621279207e-02,1.821560800347159226e-01,1.959230519516563240e-01,-1.799537615623711673e-01,-5.106156034033500560e-03,7.470278732281125933e-01,-2.002694399907166134e-01,0.000000000000000000e+00,1.868145653535150830e+00
-3.886685163551609895e-02,-3.625767622352248087e-02,3.427354587341185747e-03,9.303494374722063101e-03,9.190979783859098973e-02,-5.926677737977899263e-02,6.282770771774777441e-02,6.747370891384928404e-01,-1.890184025657650480e-01,0.000000000000000000e+00,1.637921841464191841e+00
2.394188196066052848e-02,1.185153298075096034e-01,2.408674894074484124e-02,-1.314626850363746491e-01,-5.732660479168041195e-02,-2.574261650551550387e-02,1.502257915816939404e-01,5.979023582588030017e-01,-1.933938582231226888e-01,0.000000000000000000e+00,1.704719762815211759e+00
-1.549802994578685159e-02,-2.694049174844217326e-02,-8.727922967177113509e-03,-1.542336766881810539e-01,1.936618910234636781e-01,-5.004763502757287458e-02,2.219761526402249663e-01,5.173497899917947063e-01,-1.755796373121346898e-01,0.000000000000000000e+00,1.666156588386716875e+00
1.784332689186189924e-01,1.054924670331420788e-01,3.457386101679059132e-01,-1.449182776372082426e-01,5.780586544810283334e-01,-1.380485604695418089e-01,2.712091390997189988e-01,4.818239799990484684e-01,-1.708917311588988297e-01,0.000000000000000000e+00,1.862473166645858713e+00
-3.457046298992626915e-02,-3.546107902954060559e-02,1.072000342781249949e-02,-1.428481760041160065e-01,9.375827665955102086e-01,-1.916872244771206102e-01,1.086258284288428577e-01,5.693988232643798497e-01,-7.838309679176638789e-02,0.000000000000000000e+00,2.079948755877892186e+00
5.693490420132919783e-02,2.271197880017912230e-01,3.383283225776916314e-01,-1.459533090211069251e-01,1.073252167571989935e+00,-1.455914969809538051e-01,1.321308969990290724e-02,6.755631985412435814e-01,-1.227623193926552225e-01,1.000000000000000000e+00,2.415254569072854185e+00
-2.806030391013460829e-02,-1.010473681741396769e-02,2.292568785830653710e-02,-2.784391236800266567e-01,1.136564592901608828e+00,-1.233295168375601360e-02,-1.608197543368740379e-01,7.755307180726587202e-01,4.569081759289991829e-02,1.000000000000000000e+00,2.514955383132280620e+00
-2.986820412398809577e-01,3.964558624682883448e-01,-1.648725533854228653e-01,-3.167358095657588080e-01,7.973909843291271393e-01,1.720499370584772925e-01,-2.195939920335600870e-01,7.970114604563507399e-01,1.716401137390083376e-01,1.000000000000000000e+00,2.375482663984059162e+00
-5.593071370144090532e-03,5.950847424957135881e-03,3.694987851811762022e-03,-3.188058820498799739e-01,3.067197463967865634e-01,2.969274397768387752e-01,-1.028088020737790015e-01,7.197638474127543429e-01,2.019554873443866749e-01,1.000000000000000000e+00,2.361674146690098564e+00
1.031104466152212669e-03,4.815652266258677559e-03,-9.600166273755090032e-03,-2.349672128605350130e-01,-9.842297468907345095e-03,3.614614425363361083e-01,7.236898764808313844e-02,5.892275193800390332e-01,2.944639911757168660e-01,1.000000000000000000e+00,2.101860843468696061e+00
-2.515232608233616274e-01,4.673203140058197064e-02,-2.513555623793759519e-01,-4.969409416094507093e-02,-1.681233268309440809e-01,2.751367386702974205e-01,2.456385271225068334e-01,5.103275149934710653e-01,2.278953008637661093e-01,1.000000000000000000e+00,2.028073973306409261e+00
4.429199243980898835e-03,-4.138206171569713474e-03,-4.164833707745109644e-03,1.210883927808536625e-01,-2.793155730031491105e-02,1.829452915455319906e-01,1.498441408945808684e-01,5.470921440154058457e-01,1.982050110002674115e-01,1.000000000000000000e+00,1.753583034777059124e+00
-1.673841669703131085e-01,-1.430193631262678400e-01,-2.536224822033190107e-01,1.604201197668082279e-01,-2.246522757438619566e-01,1.846215005333533277e-01,2.292275348241358812e-01,5.078488417102793306e-01,1.569511810016179787e-01,1.000000000000000000e+00,1.837281457848494171e+00
2.806164349211890882e-02,1.569953676587258415e-02,-2.895831393558823130e-02,8.693190044498223801e-02,-5.457366457111924030e-01,7.566797139794248506e-02,4.452419640077337482e-01,3.826826733928662683e-01,7.850647395147726526e-02,1.000000000000000000e+00,2.029925314021048255e+00
3.784674300100756006e-01,-2.045021829164477556e-01,8.758020356322193667e-02,8.279171661144518746e-02,-6.203548332292614376e-01,-1.414009784451845109e-01,6.051537294331993388e-01,2.562772374488449523e-01,8.788233847227042150e-02,1.000000000000000000e+00,2.914880004716636552e+00
5.047483340763722626e-02,4.337024993869972173e-02,-8.278822549434133871e-02,1.593850786665857999e-01,-7.718523564578382290e-01,-5.017856905348672125e-01,9.329918928322350480e-01,1.046734632862697106e-01,8.631972049263197944e-02,1.000000000000000000e+00,3.608754468928183190e+00
1.791569408648727935e+00,-5.987648052113995201e-01,1.663554075930150145e+00,3.073965584104602078e-01,-4.032837152523706670e-01,-1.125335072096275812e+00,1.247090567732659139e+00,5.014558419302333342e-02,-1.490147139437150992e-01,1.000000000000000000e+00,4.586757580939456069e+00
2.039022704255812751e-02,1.315028667639650262e-01,-9.796427132649800085e-02,5.278612066596145569e-01,1.269972888138162670e+00,-1.825990082832602557e+00,1.234114508133354660e+00,-2.419086935226277268e-01,-5.338081751014575604e-02,1.000000000000000000e+00,7.727031433329375254e+00
4.929709962796847283e-02,4.552689112241135178e-02,-4.407199828807508574e-02,9.915615822566427040e-01,1.975454159533724274e+00,-2.881163062399885177e+00,1.074202774589159359e+00,-8.032973769736050373e-01,-3.119119315612109422e-02,1.000000000000000000e+00,9.746557665632082035e+00
4.443152277512171011e+00,9.271056389731392455e-01,4.774079527567948844e+00,1.433525958720468507e+00,3.076637744312737066e+00,-4.051994249702500994e+00,1.994587525361716518e-01,-1.104439548269395832e+00,-5.187365398447613130e-01,1.000000000000000000e+00,1.315979329292618338e+01
-6.584730237538603814e-02,1.493000138295452195e-01,7.581912140231281128e-02,1.673656543335028113e+00,4.727282717195087081e+00,-4.666324650983606936e+00,-1.724443722531153078e+00,-7.235710906468171277e-01,-7.753228816472516050e-01,1.000000000000000000e+00,1.328284768966359763e+01
2.445295309210556933e+00,3.741578905025157997e+00,2.742788348307836799e+00,1.520469760926804526e+00,4.625530624010214531e+00,-4.031879946405416248e+00,-3.578504099539893346e+00,2.577335537722052691e-02,-5.012349260726144395e-01,1.000000000000000000e+00,1.470861582436305781e+01
-2.924396919736945571e-02,7.791006840510107667e-02,1.419807787013068617e-02,8.197440406117686429e-01,2.434073422934242281e-01,-2.881163062399885177e+00,-3.908250484493224430e+00,3.155660430139278771e-02,-6.900723227097346757e-02,1.000000000000000000e+00,1.497630064269520211e+01
5.067389173091592092e-01,2.076365772074858729e+00,-7.129476738640238009e-01,1.283337096313816317e-01,-4.622603690325878034e+00,-1.903933686686557492e+00,-3.593006889412730942e+00,-3.660314966955720978e-02,-3.771608811521459659e-01,1.000000000000000000e+00,1.286542290460970861e+01
3.145051148040391847e-02,1.645197668746433209e-02,3.459515211625924236e-02,2.007868878529852075e-01,-3.946517706278379389e+00,-1.272003299523883024e+00,-3.093807408093567357e+00,-2.443872632833383185e-01,-6.618748426241755078e-01,1.000000000000000000e+00,1.137118133188910285e+01
5.931273706417928837e-01,6.608319875660612075e-01,3.234360878924981697e-01,6.748377036012087604e-01,-8.238590195990067588e-01,-9.392759767264915460e-01,-2.880082704497533896e+00,-2.968496963322374005e-01,-6.715632620694886867e-01,1.000000000000000000e+00,8.523551561514210562e+00
6.747519314272219793e-02,2.788480205205070249e-03,3.335677778485839767e-02,6.510339736179008296e-01,-2.133402624228931677e-01,-7.356178081130383406e-01,-3.019003745894320190e+00,-3.691403078843880636e-01,-5.243620585572371651e-01,1.000000000000000000e+00,8.066181824783948073e+00
1.102196138187613722e-01,-2.146141982946190574e-01,-1.277401919631903082e-01,4.284991945866831742e-01,-8.012412122502031719e-01,-4.230049774343669355e-01,-3.291884146586530502e+00,-2.131895246386987519e-02,-7.087541652281402760e-01,1.000000000000000000e+00,6.762596990320712820e+00
5.113784414202288131e-02,4.078579075460695563e-03,3.093179834603313610e-02,1.076351418140357591e-01,-8.306362873357020504e-01,1.117053985806230054e-01,-3.312875093784101832e+00,7.906193233636495121e-02,-8.022003860473518877e-01,1.000000000000000000e+00,6.745035405759764124e+00
4.257538344505691630e-02,1.831680426977641421e-03,1.794521604231677503e-02,-3.436446434170866149e-01,-1.201466055507351971e+00,6.028343566473941539e-01,-3.275854722083969772e+00,2.659953379495950954e-02,-6.234337719817638623e-01,1.000000000000000000e+00,6.536504859220734431e+00
-5.753288721419458351e-01,-1.532829946803893062e+00,-6.583393166584470269e-01,-4.419739754564586676e-01,-1.348441324803564267e+00,1.165202192762788469e+00,-3.217843721998969286e+00,7.782266470975662820e-02,-3.787235252389447582e-01,1.000000000000000000e+00,7.183037294880712409e+00
5.908672333430209367e-02,7.834243407095851236e-03,2.860013974515972918e-02,-3.291540097160305933e-01,-1.174332234745574022e+00,1.664712203636234511e+00,-2.881227879727765284e+00,-2.513337965411597055e-04,-4.674817615834389595e-01,1.000000000000000000e+00,7.211234000414020962e+00
-9.036984490029026373e-01,-2.295681976594972529e+00,-5.469789476703313946e-01,-2.908573529792695678e-01,-3.196146732188998585e-01,1.932905563011969363e+00,-2.472861325704057034e+00,-1.836630460570503331e-01,-5.490518873429793834e-01,0.000000000000000000e+00,8.074698062632551299e+00
1.484690369571757367e-02,6.752390233448434670e-03,2.067767742459475713e-02,-1.531963036702667091e-01,1.238322947832128040e+00,1.971458377599428324e+00,-2.151511192104673231e+00,-1.840761007584257314e-01,-5.556149925075345442e-01,0.000000000000000000e+00,8.195636254728276171e+00
-1.147551951752290966e+00,-2.045603093152851493e+00,-3.724747025563697744e-01,-1.366355683361184514e-01,2.500048988229575553e+00,1.898543251225143003e+00,-1.925573730283561824e+00,-2.338436400072323174e-02,-4.612311852362436793e-01,0.000000000000000000e+00,8.341434751970874473e+00
-8.452058016037692148e-03,3.480603527247470852e-02,-5.041886102760684274e-03,-3.974670138204208225e-01,2.219665211434245222e+00,1.947991310153703637e+00,-1.904583038136152817e+00,1.038472848685307315e-01,-2.399606781168880931e-01,0.000000000000000000e+00,8.028769738794348854e+00
-1.876150660556787919e+00,-1.445537024670468851e+00,-1.642252040868158680e+00,-7.069456047742981308e-01,7.227789948779356211e-01,2.056944933699931255e+00,-1.593537409326282184e+00,7.782266470975662820e-02,-1.493271905467540572e-01,0.000000000000000000e+00,7.220002175217390850e+00
2.015955730395448120e-02,-1.338704272287050981e-05,-9.509594129400221561e-04,-8.114851736986808950e-01,-1.749005733413828423e-01,2.054430616284415478e+00,-1.211886530925571304e+00,1.653976460050637365e-01,-2.974660066182454043e-01,0.000000000000000000e+00,7.610295392342112386e+00
-2.211693333091492228e-02,2.136579795944042182e-02,-5.150592261607751104e-02,-9.036042008387761282e-01,-2.201237409622197050e-01,2.037668526406202218e+00,-9.008409977595113194e-01,2.711484834756381357e-01,-2.143332367719061049e-01,0.000000000000000000e+00,6.538595351098167363e+00
-2.148920262681128790e+00,-3.453197245801586934e-01,-2.102660748763178766e+00,-9.419009450224506974e-01,-6.135651481325548051e-01,1.946315124768586369e+00,-4.703386720019733236e-01,5.882042307178732277e-02,1.037513955272779086e-02,0.000000000000000000e+00,6.454688654694984429e+00
5.055302820193305867e-03,2.186212570114588055e-02,-8.080205834610248994e-02,-8.094150817819123489e-01,-1.377836357436549974e+00,1.602692557630093884e+00,-6.349875388323836245e-02,7.493104024767065219e-02,4.475330946230184764e-02,0.000000000000000000e+00,5.208548064348682338e+00
-9.439147293438454600e-01,3.768026969294538397e-01,-1.184352982340123317e+00,-6.603685220725206140e-01,-1.637869524558598133e+00,1.104858653466083807e+00,3.589888449576350005e-01,6.377756259320818688e-02,-2.744082124064357517e-02,0.000000000000000000e+00,4.603297307581282638e+00
1.531417468048803382e-02,-6.995910557225593291e-04,-3.557258158978753720e-02,-4.512893842237551412e-01,-1.063535506338433523e+00,6.439014886503693358e-01,3.215870457392818738e-01,2.009233179678350523e-01,6.162989170688955298e-02,0.000000000000000000e+00,4.038844537532465750e+00
-7.297170201625791108e-02,-1.312064096154879345e-01,-3.391401501559304123e-03,-1.451315967941415111e-02,6.700936344846729342e-02,2.223414228907724111e-01,1.429744093977830532e-01,3.938360820323408285e-01,5.694195944649321078e-02,0.000000000000000000e+00,2.863054863659165505e+00
-7.957998635866799517e-04,1.367852437752571952e-03,-1.131195653492677276e-02,5.379983898383482871e-02,5.441136251985239092e-01,5.891112918765612633e-02,-2.304375235610762671e-02,5.503969267013490985e-01,1.225033856404668040e-02,0.000000000000000000e+00,2.395710307955350782e+00
-4.707210376584372580e-02,1.062148800095022577e-01,-4.984726392688060975e-02,-4.038929367588222491e-02,4.830623480613439047e-01,3.460611381262598124e-02,-1.398289410406378663e-01,5.495708172985982465e-01,1.328863837434349215e-01,0.000000000000000000e+00,1.586524342204614912e+00
-8.651752104029793861e-03,2.862134535559298417e-03,2.429570912623957128e-03,-9.731679320967794034e-02,-5.735430505632127529e-02,2.790128100836783420e-02,-2.860012626012700676e-01,5.826182990830909292e-01,2.116438545753790423e-01,0.000000000000000000e+00,1.361649122506979337e+00
-1.447606639242398100e-03,-8.516311414869168900e-03,-1.085264090694897446e-02,-5.177479241668252186e-02,-2.111130252977266308e-01,1.192546134113841028e-01,-3.066104188341391423e-01,6.123606531067026237e-01,1.813284809700006772e-01,0.000000000000000000e+00,1.335628640426471891e+00
-1.392404816914863119e-01,-1.139373835277356500e-01,-1.708869792155126022e-01,4.344938328652167558e-02,-1.817179799289867503e-01,1.502644757522949848e-01,-1.245629103679872784e-01,4.838894260433954653e-01,3.725264395282804064e-02,0.000000000000000000e+00,1.309975544128884506e+00
-5.608229667253859969e-03,-2.459839002067434888e-02,-1.326244033856747768e-08,5.483488591385145966e-02,-1.410171320419094654e-01,7.986372973407081244e-02,-1.066253121330369286e-01,4.987609481301393255e-01,-3.775437664215731265e-02,0.000000000000000000e+00,1.229218500980208573e+00
-7.754884868654814134e-02,-5.225673915723382662e-02,-4.504801164176277378e-02,1.653820197138401726e-02,-5.347682245039904469e-03,5.472061065188681822e-02,-1.936417325573618897e-01,5.789001166208340710e-01,-7.807069851020892459e-02,0.000000000000000000e+00,1.272836680439207502e+00
-1.243869015550621605e-02,-1.710755033179572893e-02,2.385294602645525973e-03,-2.279352209967345361e-02,8.057630991399220011e-02,6.813027468688948041e-02,-2.485994729472981446e-01,5.863357913954712064e-01,-6.056898030942035188e-02,0.000000000000000000e+00,1.250948423503157825e+00
-4.091849419629547263e-02,2.035322094926715897e-01,-1.072780656000913574e-01,-1.211228356780304355e-01,-1.930237633436934219e-01,4.717767414047479430e-02,-2.161591358495422999e-01,5.768348431139558308e-01,-3.244130842556010308e-02,0.000000000000000000e+00,1.296345169835393163e+00
-1.561666009706772461e-02,-1.142539252017058318e-02,8.072552560693538673e-03,-2.287675570520515678e-01,-3.535659642470509456e-01,-5.942569148913530355e-04,-1.631096552714255410e-01,5.598982200578033197e-01,-3.087874266024264250e-02,0.000000000000000000e+00,1.372535200667259536e+00
-2.545769020229089394e-02,2.273365118947024144e-01,5.011833427974648168e-03,-2.598189066546082726e-01,-1.885014457325594750e-01,-5.926153757941998723e-02,-2.726434885523119633e-01,6.197959828064015797e-01,5.975474490989141074e-02,0.000000000000000000e+00,1.424091337551553593e+00
-1.740665726863190738e-02,1.628380344874930932e-03,9.511668869797184830e-03,-1.739101552648185944e-01,1.500273724098489039e-02,2.758159251210678172e-03,-3.474470710483829050e-01,6.181437640008988765e-01,2.203946092471315843e-01,0.000000000000000000e+00,1.531913877017377246e+00
-2.080079770808222067e-02,-4.764532923202619528e-03,8.373222764148133268e-03,-8.800138444238143898e-02,-1.206667240180631512e-01,4.633956885980730633e-02,-3.203498403820832507e-01,6.020330778100282387e-01,2.000803144402282796e-01,0.000000000000000000e+00,1.531677857201541704e+00
-1.200092160559078774e-01,2.973165815807410697e-02,-1.458479766312283932e-01,-5.695002026533908801e-02,-3.083428093619680066e-01,8.740666624548282249e-02,-2.890544680981748105e-01,5.822048993067772127e-01,1.263234091146819282e-01,0.000000000000000000e+00,1.608488066063355149e+00
-1.605625071320422245e-02,-8.574599014427671320e-03,7.839005243166583675e-03,-6.005515619722714277e-02,-2.789477555027255473e-01,1.368548117172923018e-01,-3.085186722697045303e-01,6.264055481782874191e-01,9.382041210926626851e-02,0.000000000000000000e+00,1.518664588153469053e+00
-2.388482882152932196e-01,2.423778695593098789e-02,-2.378298240431807598e-01,-5.590798827020267148e-02,-1.545654291185351858e-01,2.181475370358534338e-01,-2.241738194076793311e-01,5.665074403547508686e-01,1.125721411508521091e-01,0.000000000000000000e+00,1.527993995377206593e+00
-2.796036025476505461e-03,-1.440106279223909644e-02,3.125151742387524776e-03,-4.659257950290616318e-02,-2.178778417124000999e-01,2.072521982839349575e-01,-1.180748391226836697e-01,4.743886502993495125e-01,9.413291481946570172e-02,0.000000000000000000e+00,1.462263408773385009e+00
-1.875941313539719046e-01,-7.743912406153199979e-03,-1.797962685270117211e-01,-2.796176196831313271e-02,-2.065720370714370369e-01,1.712137168471281334e-01,-1.383023414803125350e-01,5.223069640207095299e-01,2.068851220411879049e-02,1.000000000000000000e+00,1.430851278210723665e+00
1.733658584302547653e-03,-5.681414527187488191e-03,-1.580319912325640766e-03,-4.555753645941901936e-02,1.326015821141727780e-01,1.997092617725229335e-01,-7.265837738783197108e-02,5.169367352904192803e-01,-4.056705767691402148e-02,1.000000000000000000e+00,1.361524606470271292e+00
-1.748255727376680779e-01,9.338769992096459041e-03,-8.326531976371044641e-02,-6.211826402050825424e-02,4.378578510556626058e-01,1.971949443570068794e-01,-3.411163089033019541e-02,4.673658576886183247e-01,9.132012935606725890e-02,1.000000000000000000e+00,1.231909323113927757e+00
8.539733985898528487e-03,-4.143350760589821339e-04,-1.009649008513490050e-02,-2.485662700805745667e-02,3.632396847638500459e-01,1.745661426903389601e-01,6.343370955613231860e-03,4.557994633627552861e-01,7.725633257487798944e-02,1.000000000000000000e+00,1.220460941106231934e+00
6.589586110105461782e-03,2.104925628548593060e-03,-1.401145250149054763e-02,-8.074908155510128471e-02,1.642577862884796180e-01,1.075178146477574759e-01,9.297813431657103722e-02,4.586911913473231128e-01,1.281985820188405456e-01,1.000000000000000000e+00,1.170464578052665017e+00
-3.301508989534118060e-02,3.724704929040348333e-02,1.157854696290912429e-02,-4.452248952940237453e-02,1.710412733183087342e-01,4.382190458081867968e-02,1.475542367719023251e-01,4.698447035092795376e-01,1.513256883963027821e-01,1.000000000000000000e+00,1.202111278293760410e+00
-8.818493372219703141e-03,9.290373621550915978e-03,-8.131803915488451488e-04,7.229780212472029441e-03,2.999272382079747890e-01,-2.574072907592672363e-02,-2.609696072232666961e-02,5.442007611057768646e-01,2.400839508479572504e-01,1.000000000000000000e+00,1.102912106042329254e+00
2.800101030368568403e-02,-9.131543625132146347e-02,3.529866147079258748e-02,6.415727488810589463e-02,1.959140053211659294e-01,-1.316917032159152685e-02,-1.770063827314653782e-02,5.103275149934710653e-01,2.510224333483885850e-01,1.000000000000000000e+00,1.384077326797364949e+00
2.384806303557480533e-03,-2.857115384882577113e-03,-1.447070307735133336e-02,9.003340927322690812e-02,1.502139172418563880e-02,-1.028462992440841300e-01,1.059542736190512285e-01,4.619956289583280751e-01,1.666396787684125413e-01,1.000000000000000000e+00,1.698557765746302239e+00
4.074283452199551903e-01,-3.782380880042595095e-01,4.778311910099898308e-01,2.069935394145445418e-01,3.745454469523002428e-01,-2.696290030552750405e-01,1.380129504653129224e-01,4.591042460486985388e-01,9.632069486246526424e-02,1.000000000000000000e+00,2.828977878135555013e+00
1.928630757924171962e-02,3.922476520637269148e-02,-7.050488722788481044e-02,4.512642495646987939e-01,1.068720850028129554e+00,-5.403366169059807822e-01,2.708274884126058990e-01,3.826826733928662683e-01,9.913334979006148406e-02,1.000000000000000000e+00,3.389893827072436583e+00
2.278188264720170331e+00,-3.094643950000188284e-02,2.020059975902845917e+00,5.340678970864687347e-01,7.250249026182579160e-01,-1.220877088318178760e+00,8.475021070376328458e-01,1.385467784135630820e-01,9.725820299306334182e-02,1.000000000000000000e+00,4.441172987307080433e+00
-1.620981085347501099e-02,1.542668238283973203e-01,-1.036583750832424933e-01,6.355023329938604970e-01,1.484296937531415783e-01,-2.115134146670837989e+00,1.046723861354476259e+00,-2.105139136485510154e-01,9.725820299306334182e-02,1.000000000000000000e+00,7.986076248853680504e+00
-2.398008576243651838e-02,2.399275165450577840e-01,-4.658317023546257318e-03,1.125078736096448928e+00,5.056925939964154182e-01,-3.732675151175149253e+00,5.498143479205311879e-01,-1.306440274929029366e+00,2.631408313091520082e-02,1.000000000000000000e+00,1.001706368590104113e+01
4.404213248466696484e+00,3.220929337684776517e+00,4.115875464457836586e+00,1.631215932831127979e+00,1.317448127604188723e+00,-5.087051037756352478e+00,-4.577441993272414189e-01,-1.833129430327480547e+00,-1.640160971769839271e-01,1.000000000000000000e+00,1.390954146166400029e+01
-6.779217780001380034e-02,1.672004889125303095e-01,4.193568748890770526e-02,2.313310893909513499e+00,2.425415560259390091e+00,-5.590751630106113090e+00,-2.569037235094014715e+00,-1.631128669160353040e+00,-1.874557845861266059e-01,1.000000000000000000e+00,1.496036964618438070e+01
2.960983872114745008e+00,4.624802069699829765e+00,2.680132397117955811e+00,3.135136889334109167e+00,3.103762565141789054e+00,-4.735885518371311775e+00,-4.193343643410512911e+00,-6.512804100796789619e-01,-2.115204774156681511e-01,1.000000000000000000e+00,1.688959081056291822e+01
7.975605002597753457e-02,4.830526670142738788e-02,5.207884516579957407e-02,3.546049935628025729e+00,1.279008438522678537e+00,-3.396595457607523905e+00,-4.276925175769549448e+00,-5.649446273959922715e-01,-9.537769668954797497e-01,1.000000000000000000e+00,1.744474807863172927e+01
6.649084980132518030e-01,2.201133028368884137e+00,-5.157907149214234765e-01,1.608444950895645320e+00,-3.071458704821200314e+00,-2.017076003492753955e+00,-3.650636111285537666e+00,-6.025357108956166385e-01,-1.771040424755955689e+00,1.000000000000000000e+00,1.563216855282702511e+01
3.928273769058997916e-02,1.045895167818109740e-02,1.202921985517978534e-02,6.415727488810589463e-02,-3.840252274188842296e+00,-1.457222374646922392e+00,-3.493014154338939470e+00,-5.727933568720053881e-01,-1.356314370833622052e+00,1.000000000000000000e+00,1.447312552855470535e+01
-1.165188533826365669e-01,9.274959892611005507e-01,-6.196506769991677599e-01,-6.583044445601327066e-01,-3.263657150228751913e+00,-8.001488920047681308e-01,-3.509806657046834033e+00,-8.061889324207034413e-01,-6.543741249003807159e-01,1.000000000000000000e+00,1.142457221310461080e+01
8.591888638507093334e-02,-2.514911952196970807e-02,2.240009400016071753e-02,-5.113279573348621376e-01,-2.304926368551022176e+00,-3.383535322181097094e-01,-3.586900350893841072e+00,-6.529327669151565594e-01,-5.118609058628463826e-01,0.000000000000000000e+00,1.014661221084008602e+01
-3.070368991721024732e-01,-7.527244342849419567e-01,-2.505034137057879917e-01,-3.933327860933220066e-01,-1.470559161982553764e+00,1.008129786964720859e-01,-3.578504099539893346e+00,-5.492473064739415989e-01,-6.028068700360194043e-01,0.000000000000000000e+00,8.522235961977676411e+00
7.631248035682539066e-02,-1.937193526014927350e-02,2.224887337223332290e-02,-4.999424469344732613e-01,-5.751406995031610458e-01,7.034097754466019925e-01,-3.514005101536510800e+00,-5.480080043398393164e-01,-5.712414333755226892e-01,0.000000000000000000e+00,8.277219233267489429e+00
7.403346333941995816e-02,-3.179337598451556501e-02,1.721431634067021807e-02,-5.196083347182599566e-01,8.963958603465671526e-02,1.173586188039935196e+00,-3.478130064472961802e+00,-4.546498431353478420e-01,-5.181114822100417738e-01,0.000000000000000000e+00,7.513730697706828998e+00
-6.050892227601873952e-01,-2.030890419878518038e+00,-2.291268112481316954e-01,-5.258186201848891184e-01,3.225388262636444958e-01,1.545704378779503507e+00,-3.235781399937095681e+00,-4.054921582648980394e-01,-4.749825054143941294e-01,0.000000000000000000e+00,7.961983507281272132e+00
5.712668961256894828e-02,-1.569734368063149810e-02,1.401824793421706759e-02,-5.868862977224277300e-01,3.564561765077644551e-01,1.941289558289115869e+00,-2.878937848080005857e+00,-4.232548907238020131e-01,-5.015474548899742091e-01,0.000000000000000000e+00,7.812420344597625466e+00
-9.986875883034699308e-01,-2.472290753824723186e+00,-4.428022396827400176e-01,-6.986711446320436059e-01,4.446413168592353027e-01,2.091309999135595010e+00,-2.783143557495890263e+00,-3.480726202020717475e-01,-4.496676189939323165e-01,0.000000000000000000e+00,8.613534708154817920e+00
1.883264386194964625e-03,2.217829177148745307e-02,3.560864691275885448e-03,-7.286874919996727540e-01,8.380827792178372482e-01,2.261445215333245606e+00,-2.742688775949524871e+00,-2.609108316381155146e-01,-2.487114588958011518e-01,0.000000000000000000e+00,8.602226085803907907e+00
-1.446785963458423030e+00,-2.436792722547378442e+00,-1.012857005960905665e+00,-7.431781645660237023e-01,4.333355546707850503e-01,2.362017675926845417e+00,-2.518659408157627233e+00,-2.365385338073251187e-01,-1.462019023731563894e-01,0.000000000000000000e+00,8.965156665677453063e+00
-2.663937832033948239e-02,4.490957245434692990e-02,-1.015262238509092967e-03,-8.528929681404896490e-01,-2.992794950340418869e-01,2.442475597196316794e+00,-2.454160314510434038e+00,-1.497897999447445616e-01,-1.775253233113245621e-02,0.000000000000000000e+00,8.749069416148463674e+00
-1.729180425190098402e+00,-2.145399235279114691e+00,-1.475248134547166412e+00,-7.214421848654686276e-01,-7.356829428590314635e-01,2.517905040986117893e+00,-2.031291066257698841e+00,-1.708572115671102287e-01,2.600158042071599659e-02,0.000000000000000000e+00,7.729851092983690997e+00
-3.012710476802375401e-02,3.749503653216575139e-02,1.151261749382866302e-02,-5.506630656014699365e-01,-5.841944195631808556e-01,2.428229476922922014e+00,-1.647731966302692586e+00,-1.347018848036303333e-02,-1.752671346019354648e-01,0.000000000000000000e+00,8.148806209793088229e+00
-4.062521410007380318e-02,3.178585446983121787e-02,-1.389190305867829024e-02,-4.854551945140706537e-01,-5.282237831890156110e-02,2.419010417966937609e+00,-1.503086164599209740e+00,2.329482012400419660e-02,-4.400495298935282878e-02,0.000000000000000000e+00,7.115668505519429310e+00
-2.100928434980054771e+00,-1.518734592197623634e+00,-1.896002025581775108e+00,-3.529693798551509221e-01,-9.352322408335320136e-02,2.398057825288090861e+00,-1.130976425851244693e+00,-6.593258702176846286e-02,6.475517988048719309e-02,0.000000000000000000e+00,7.703500338099289912e+00
-7.733027487990650449e-03,-9.168072755399261572e-03,-7.319668252238242800e-02,-5.237518609671554248e-01,-1.622065727596369689e+00,2.213674836627742781e+00,-4.214873521702276471e-01,-8.369531948067245042e-02,-1.827678262185697677e-01,0.000000000000000000e+00,6.630937382420532877e+00
-1.929850575703704552e+00,2.715195721355425085e-01,-2.225777840398605267e+00,-7.742328565839389221e-01,-2.232578371610631329e+00,1.920338460448209439e+00,1.120606814247336186e-01,-1.130247223253897509e-01,-2.365228350187702777e-01,0.000000000000000000e+00,6.486564037187950937e+00
9.793918307505210946e-03,7.855438897843505450e-03,-6.644004950225169959e-02,-7.204105056132521501e-01,-1.956717061010230019e+00,1.574201575894200955e+00,4.799722084162951763e-01,-1.382232330814127663e-01,-1.640160971769839271e-01,0.000000000000000000e+00,6.060647906891347247e+00
-8.077194069955295763e-01,1.431231179380170193e-01,-7.214608502771044929e-01,-3.943712084741977653e-01,-7.696093354883905002e-01,1.086425020067936176e+00,5.601188845913142034e-01,-6.860795645946042576e-03,-1.227623193926552225e-01,0.000000000000000000e+00,4.939438200530276823e+00
1.431810754929206978e-03,-3.348497512078617115e-03,-3.315613044943697268e-02,-4.659594523744155226e-02,5.509066852700029715e-01,6.983828400102809475e-01,4.738657974224857461e-01,1.736594301824523345e-01,-7.713298152232737903e-02,0.000000000000000000e+00,4.439680521968811355e+00
-1.862687689415926107e-01,-1.467407614145258277e-01,7.469459168147696282e-02,1.303968155113980065e-01,1.317439148897719070e+00,3.832557155187977793e-01,4.013521031084582025e-01,2.529725237778893132e-01,-1.501007721264136256e-03,0.000000000000000000e+00,3.025794946980438382e+00
-2.927230862240127324e-02,-2.515494828192555571e-02,4.446979949845093088e-04,1.076258238595916433e-01,1.143330037613472516e+00,1.720535010668295950e-01,1.967872072907611014e-01,4.289486647862425506e-01,3.537744494150892038e-02,0.000000000000000000e+00,2.571233908435208715e+00
-3.862695510736877114e-02,-1.888143627840064426e-02,3.303258308081324663e-03,-1.397500290238772314e-01,4.378488086704235283e-01,1.142243185234814579e-01,2.526860896355316490e-03,5.731170057266372631e-01,-4.313793184662574089e-03,0.000000000000000000e+00,2.146826381111381021e+00
-2.268481893567382834e-01,3.009178944335028083e-01,-3.143429968351011544e-02,-2.504998834148892684e-01,6.594422867109611675e-01,1.946823106010656390e-01,-2.915016845092030517e-02,6.284708216851656593e-01,6.881800229184339979e-02,0.000000000000000000e+00,2.193115921793404421e+00
-2.420021059870369751e-02,4.083171431789190363e-03,1.222578267388089524e-03,-2.556751180649724509e-01,7.905894549813327066e-01,2.248540409115774297e-01,9.641300006496993091e-02,4.838894260433954653e-01,1.850787745639969617e-01,0.000000000000000000e+00,2.010373031725879667e+00
-2.065762736718563808e-01,3.670783824028986952e-01,-7.121103306638319752e-02,-3.074273868352144778e-01,4.649826931109707351e-01,1.695391915188816379e-01,7.869973704065587675e-03,4.892598273111551377e-01,2.522726008321485858e-01,0.000000000000000000e+00,2.014607944293306030e+00
-1.661381242422959106e-02,4.523154493921432984e-03,-6.824116567238310005e-03,-2.463597092976759495e-01,3.474025201265139029e-01,2.466447498856868537e-01,-5.204922561834081363e-02,5.185892991708597188e-01,3.591575085835092551e-01,0.000000000000000000e+00,2.017465229560695406e+00
-2.465809969096821597e-01,1.318660161721303958e-01,-2.035275771078187690e-01,-1.273294833530602965e-01,2.456504269416412423e-01,3.053120329891615969e-01,1.418294573364437816e-01,4.603434101528253164e-01,3.019647088995116579e-01,0.000000000000000000e+00,1.855889178574013920e+00
-4.356022514834899731e-03,-9.743883587412838915e-03,-1.905169393008171452e-02,-9.523014467729651322e-02,6.253000990297286066e-02,2.105998013078963782e-01,3.879943290595000427e-01,3.504617151010505638e-01,2.097685772425788853e-01,0.000000000000000000e+00,1.814199437921003577e+00
1.128931727005200863e-02,-8.192159475136279179e-02,1.674145932981722373e-01,-7.142409540751742947e-02,1.959383115074036508e-01,-7.307260896709362463e-03,3.349448516695103795e-01,4.070550057311503322e-01,1.435125201766293268e-01,0.000000000000000000e+00,1.689797030642945508e+00
-2.598164003711913445e-02,-4.777073588562711325e-03,-5.208487639600104142e-03,5.381639559944771667e-02,7.340937994516248954e-01,-3.245038391267741906e-02,1.952606045423087855e-01,4.851287626849911105e-01,2.791501835537301135e-01,0.000000000000000000e+00,1.573328551588415225e+00
-3.448742188402732084e-02,-1.366858195777157121e-02,1.959308818471639738e-03,9.832335140569126164e-02,4.672772302047735749e-01,-9.447008499179486429e-02,1.303799399111781332e-01,5.016523310397689173e-01,2.475846685717520146e-01,0.000000000000000000e+00,1.414243063637233178e+00
8.250497425373608251e-02,2.957514243928647309e-03,1.107286962640409989e-01,-6.216235979706570720e-03,3.313495965219402650e-02,-1.296704501333388604e-01,3.153233224571227317e-02,5.206545726777378480e-01,1.819534863903993216e-01,0.000000000000000000e+00,1.375358857083269770e+00
-3.759421373482205869e-02,6.960812559149066707e-03,6.352084142766037736e-03,-3.416246130996374725e-02,1.755878822573009312e-01,-8.441283106486677235e-02,-9.479413445627711543e-02,4.830634891781135365e-01,2.869632734519220740e-01,0.000000000000000000e+00,1.300578656382747278e+00
-2.214000030477557973e-02,-1.218159240682323563e-01,3.053401997718507496e-02,6.520189628351275024e-02,1.009696862487293317e-01,-2.574555032166246302e-02,-5.548408499048564785e-02,3.950753496589491931e-01,2.994644261463126345e-01,0.000000000000000000e+00,1.213847453777955110e+00
-4.033391117303692514e-02,-1.091387467675789674e-02,4.532491284406541324e-03,1.376550647887926360e-01,8.966389646614575382e-02,-1.233588549990297274e-02,-5.281252794900509473e-02,4.103597194021059158e-01,2.135189752652169037e-01,0.000000000000000000e+00,1.134139839302406916e+00
-8.471147359838752944e-02,-1.895109655678565153e-01,2.255255436476709743e-02,1.573209331399317845e-01,2.185498762141913354e-01,2.789310975213228974e-02,-4.021804593306094883e-02,4.202739984449473387e-01,1.344491583660358258e-01,0.000000000000000000e+00,1.139970151751982241e+00
-3.623655755903842229e-02,-1.540043018105425807e-02,6.295446208920665496e-05,1.324798495713568891e-01,2.931680976942706018e-01,5.052191771285470534e-02,-4.098134784926872609e-02,4.363845120983491643e-01,1.063215648036568289e-01,1.000000000000000000e+00,1.052571700346070172e+00
-9.427701813008144971e-02,-7.494032998590764716e-02,-5.254862971607343614e-02,9.625325560239324230e-02,2.185498762141913354e-01,6.812210028362669645e-02,6.725021642726322982e-03,4.475376791853666880e-01,7.538118577787962515e-02,1.000000000000000000e+00,1.046871518142776125e+00
-3.471677350984109928e-02,-1.839288021663435663e-02,6.338600146929544059e-04,1.344962654163835147e-02,1.478753992049244370e-03,5.555054467631875131e-02,3.763875280390280298e-02,5.177628446931700212e-01,-5.876437271461278783e-03,1.000000000000000000e+00,1.123276382047825317e+00
-2.710862647429912453e-02,-2.105205350562217460e-03,-1.594130715168932131e-03,-3.830264320023606117e-02,2.841234412457462888e-01,7.315072724709074936e-02,1.283143901278981612e-02,5.570064920732354929e-01,8.600713946095130125e-02,1.000000000000000000e+00,1.138171436685286864e+00
-1.196500776376042685e-01,1.735808391698196937e-02,-5.044079807975337948e-02,-1.242650803780914054e-02,3.542193323789378234e-01,1.075129918285081115e-01,4.641672498375790795e-02,5.177628446931700212e-01,2.047681683791433838e-01,1.000000000000000000e+00,1.291919212505797665e+00
6.039274019436051584e-03,1.035474051533274119e-02,-3.149221309696206839e-02,-9.523014467729651322e-02,-2.675989889187485593e-01,9.410332779350542853e-02,2.242660567629035373e-01,4.450593509771137435e-01,2.107063464447809509e-01,1.000000000000000000e+00,1.756002604229846886e+00
6.287107247771245300e-02,1.947034044502612138e-01,-1.311909513281205586e-01,-1.055805945448154426e-01,-4.891924245067733601e-01,9.454820327179197861e-03,4.605080233735276418e-01,3.864004072577033599e-01,1.941421885889114407e-01,1.000000000000000000e+00,3.470135754023515151e+00
2.715939528598232400e-02,1.550049567937302197e-01,-1.025754446585667584e-01,3.208044504786374679e-02,-8.668057221607651242e-01,-3.735587280464712223e-01,1.471119616711853206e+00,-2.704117799196308902e-01,6.201193582576778329e-01,1.000000000000000000e+00,4.918115290206205970e+00
2.210832701047920068e+00,-3.472333241366135081e-01,1.460621408585643710e+00,3.726007955927896353e-01,-1.961230293783612133e+00,-1.512537515139638300e+00,2.203126335982705353e+00,-4.463880589579592439e-01,4.557289392548371509e-01,1.000000000000000000e+00,8.708302789432151414e+00
-2.055299250318401091e-02,3.410955368100486718e-01,-8.024635659717120617e-02,9.304903096793292194e-01,-8.238680619842457808e-01,-3.179526578572509976e+00,2.301973895826265437e+00,-1.515050497945561236e+00,5.773028319579086576e-01,1.000000000000000000e+00,1.150109374385748851e+01
5.620979643190779029e+00,2.260625944835912282e+00,5.519212155585198509e+00,1.762666813269386124e+00,8.041654077474608142e-01,-4.976421700879094523e+00,7.814764744045278322e-01,-2.336685532401728604e+00,1.094468529772544690e-01,1.000000000000000000e+00,1.648266107587978979e+01
-1.728932193845645338e-01,1.200661332139780491e-01,9.074296256109153080e-02,2.804957554106373596e+00,3.678096668266979119e+00,-6.205920163417617097e+00,-2.192729434431616831e+00,-2.320575041868347732e+00,-5.556149925075345442e-01,1.000000000000000000e+00,1.889158112188163230e+01
3.070633061888163873e+00,1.766612574090719479e+00,3.430705970574972064e+00,4.372016639567639196e+00,6.570117008194724662e+00,-5.190138209143873915e+00,-5.437526158649997221e+00,7.156326102491215035e-01,-1.370065646629599954e+00,1.000000000000000000e+00,1.923718163328571507e+01
-8.826246946009207173e-02,9.164792573406857490e-02,3.090931960404298684e-02,4.157761985295402418e+00,5.075492024735879681e+00,-2.509043298146695466e+00,-4.717350578798379601e+00,2.661913784617112033e-01,-1.435696742657323277e+00,1.000000000000000000e+00,2.095291835478807840e+01
1.002981788332219099e-01,3.309838523446381742e-02,2.569833850656509655e-02,1.037099951087832927e+00,-4.848728485910275943e+00,-1.258592006902282234e+00,-3.849094787397046691e+00,-3.108945914038227509e-01,-1.580397715630696753e+00,1.000000000000000000e+00,1.895810201190061051e+01
-6.749221794250408468e-01,1.283742732606814041e+00,-2.344650945546485676e+00,-1.281401732570834673e+00,-9.350693725591654015e+00,-6.316901758949585721e-01,-3.015187239023189303e+00,-5.560525327755103803e-02,-1.426633406953889960e+00,1.000000000000000000e+00,1.743264496849158363e+01
3.483410701752068933e-02,8.217528531473948170e-03,2.461449855808767705e-03,-1.525672442720988675e+00,-6.628259924621944243e+00,-3.458966732862925331e-01,-2.468281485577429546e+00,-2.972626475111315725e-01,-8.918962088439252867e-01,1.000000000000000000e+00,1.293534280827999083e+01
-2.914673508727541607e-01,7.309300678293549902e-01,-5.713813250345252115e-01,-1.066112289822792381e+00,-2.987796051890914573e+00,-1.950379509256203736e-01,-2.204178955045009491e+00,-5.232226518076735777e-01,-4.187272660753155740e-01,1.000000000000000000e+00,1.070054695187869953e+01
5.161895531111178326e-02,3.096697966513083794e-03,1.968697795947453241e-02,-6.272530560922809917e-01,-9.324036634252041988e-01,-2.059333054126750995e-01,-2.339283425808124317e+00,-4.769566259068033776e-01,-2.834022098370558851e-01,1.000000000000000000e+00,9.519391904626537837e+00
-1.142451088164022910e-01,-1.228907120782946061e-01,3.111797241164283023e-01,-3.891926119761086600e-01,6.413620798779209320e-01,-8.273201168213493994e-02,-2.790394952432309505e+00,-2.034913970977707265e-01,-3.080919864084774029e-01,1.000000000000000000e+00,7.557877766617468573e+00
4.083217927761190191e-02,1.081680221365906823e-02,1.653654821099721089e-02,-1.801134352620483159e-01,1.950572317221607621e+00,2.701097953664082230e-01,-3.259825616394112391e+00,3.320896113687044765e-02,-1.949565023099213978e-01,1.000000000000000000e+00,6.496419046837419664e+00
-5.361097441281679199e-01,-1.323908997185459624e+00,-2.554487369433950938e-01,-1.749382103282888512e-01,1.591048247559638584e+00,7.486671742231670867e-01,-3.347605274430122790e+00,1.211970316410468929e-01,-1.965191463967203289e-01,0.000000000000000000e+00,5.939735672514751208e+00
7.093655733456821766e-02,2.220178344039935511e-02,1.792478082232682943e-02,-3.840173773260255330e-01,4.220297500298220150e-01,1.199567179522770921e+00,-3.267077011330531189e+00,1.753118560329178788e-01,-2.749638534468610285e-01,0.000000000000000000e+00,6.709593874923331036e+00
2.441376634020282418e-02,1.518554611520911077e-02,1.207758320915437028e-02,-5.123629692861133567e-01,-4.602986163958720095e-02,1.618619190451064727e+00,-3.057550592817823709e+00,1.447430475316167642e-01,-2.177711059771842983e-01,0.000000000000000000e+00,6.958728700123063327e+00
-9.914346726653755493e-01,-2.203897553342744065e+00,-6.085046268425600147e-01,-4.036832651098121172e-01,2.185255636600766660e-01,1.917822254816347938e+00,-2.901455270500948203e+00,1.550703467683402503e-01,-1.583905784645080195e-01,0.000000000000000000e+00,7.979717943372258482e+00
-1.847103334818656073e-02,4.309594496258991464e-02,8.805427666938384079e-03,-1.552816599315938184e-01,9.217212766683055003e-01,2.239659053813502165e+00,-2.816347262918540206e+00,2.038148389074395106e-01,-5.119303746714618658e-02,0.000000000000000000e+00,7.574791669734904254e+00
-1.589996282085875068e+00,-3.100702965118469656e+00,-1.031529551992070193e+00,-1.244539754274636215e-02,1.091308112793930807e+00,2.590824651874223949e+00,-2.489272209606108621e+00,1.497000490230624703e-01,-2.712839685192538000e-02,0.000000000000000000e+00,8.703690218380661037e+00
-4.857804763072991888e-02,6.145883500208224048e-02,-3.595549349260645546e-03,-6.235125193154080619e-03,7.430898265466686636e-01,2.839741603956229099e+00,-2.008010406225070543e+00,-1.760108056905733062e-02,1.375744465396334659e-01,0.000000000000000000e+00,8.645909028360089010e+00
-2.733386632960155271e+00,-2.655974409237403577e+00,-2.586979753925029879e+00,7.035823268396736163e-02,1.047476941265190406e-02,2.993114651599984910e+00,-1.522931968447819973e+00,-6.447568407101226737e-03,-2.775345448664499892e-02,0.000000000000000000e+00,9.075361500103548806e+00
-4.696754671570672370e-03,-5.653153872852706083e-03,-6.678172638048632259e-02,-7.144298588408702633e-02,-1.036441208866127672e+00,2.949533280857175033e+00,-6.138394578815761227e-01,-2.621499957422422922e-01,-2.915279590884097827e-01,0.000000000000000000e+00,9.058434126863337710e+00
-2.812410131067370589e+00,1.648292433849832261e-01,-3.160545563467096031e+00,-4.751106813203425094e-01,-2.185109245306456671e+00,2.592500837259340773e+00,2.008280525606554248e-02,-2.183625396020823783e-01,-5.065479159677304111e-01,0.000000000000000000e+00,7.893007161937972249e+00
-2.212112058612895806e-03,4.187950042268655942e-02,-1.112354140685764409e-01,-6.469282229652167926e-01,-2.069790262966951566e+00,2.151658180297482570e+00,5.982839851838934742e-01,-1.910987208316878572e-01,-5.437388974478633008e-01,0.000000000000000000e+00,7.901619539100373402e+00
-8.564097603360467173e-03,4.637471075237244167e-02,-1.060123489443437483e-01,-5.703348803427236158e-01,-1.043224738348469627e+00,1.632033630099907873e+00,9.658138519239608533e-01,-1.642477497177053380e-01,-5.537398196033759268e-01,0.000000000000000000e+00,6.408030095505677259e+00
-1.032723896819024656e+00,7.515751823352463390e-01,-9.384015816434927437e-01,-4.720055580196752532e-01,1.416219026597003439e-01,1.021055835616079710e+00,1.030312913689883869e+00,-5.519233660615112391e-02,-4.746699765970344154e-01,0.000000000000000000e+00,6.352441195074451485e+00
-1.141253934691759987e-02,-9.231659227646148158e-03,-2.272822841720273379e-02,-3.871318380137842574e-01,1.213410539710752412e+00,6.011657162600914095e-01,7.601040359261949098e-01,2.835411597417213381e-01,-3.571590629482813695e-01,0.000000000000000000e+00,4.939045209113442247e+00
-4.264190811193251940e-01,4.970932889481985972e-01,6.109970056083516288e-02,-3.095034251420974991e-01,2.043255492346856883e+00,4.536594118750619242e-01,4.757740508580511896e-01,4.880204906695588818e-01,-2.137081791371865935e-01,0.000000000000000000e+00,4.518500931705453638e+00
-1.374559898879231142e-02,1.553703800346082492e-02,-8.661236032609317265e-03,-3.829916736128946564e-01,1.875929761961157238e+00,3.866110759649123430e-01,4.891318567882796398e-01,4.553864086613799156e-01,-2.712839685192538000e-02,0.000000000000000000e+00,4.081859637935743912e+00
-1.510520904207834914e-01,8.660599761796599072e-01,-5.534168152562208426e-02,-6.262273037975315537e-01,7.815295156281789613e-01,2.935815282800202652e-01,4.326474913330018435e-01,5.161106258876678732e-01,1.110094187425721690e-01,0.000000000000000000e+00,3.661092529229897252e+00
-2.279994867402077713e-03,1.503523475998043944e-02,-3.884435242520622826e-03,-6.158768442136889343e-01,3.971327097181014398e-01,2.298856182130814552e-01,4.753924001709380898e-01,5.487447078958468394e-01,1.822661196364007419e-01,0.000000000000000000e+00,3.531128497484919748e+00
-9.980584223621302709e-02,5.057141792067673669e-02,2.629305349021744953e-01,-2.825922399404303120e-01,1.256372482724627426e+00,1.578086632070359596e-01,4.421887585108290053e-01,5.512230361041005056e-01,2.894635562051210975e-01,0.000000000000000000e+00,3.084131327133538658e+00
-2.188362736672569420e-02,-5.227853370598097536e-04,1.099083821008144807e-02,2.171110081724575425e-02,1.572934609372721448e+00,7.567447000919855227e-02,3.318916142913352907e-01,4.900857641764370665e-01,3.404057795419231369e-01,0.000000000000000000e+00,2.900432337185942178e+00
-2.809062050435414890e-02,-7.403548150543759129e-03,1.171874074612933199e-02,1.304038112644738678e-01,1.091341522921551288e+00,5.639157983934914992e-02,1.464092623936738280e-01,5.937712936326395852e-01,2.210197190961719627e-01,0.000000000000000000e+00,2.467238413401169783e+00
-2.356261614951981331e-01,-1.945304110353978100e-01,-2.574453500514314180e-02,1.904364379854663059e-01,9.059265220913160777e-01,1.745642544739933744e-01,1.246551636638466576e-01,5.582456561773622150e-01,1.431999652521091515e-01,0.000000000000000000e+00,2.424706009535502194e+00
-1.695520363736322325e-02,-2.389999860049549577e-02,-1.099561932947996923e-02,3.724971776171449173e-02,1.009544266929819634e-01,2.265266937586146168e-01,3.067026689418714258e-01,4.991740028315153066e-01,1.193775753236600394e-02,0.000000000000000000e+00,2.070378766373408563e+00
-1.397130251274279478e-01,2.721155186837668771e-01,-1.779511622964943807e-01,-1.842500046231628219e-01,-3.105762572897659002e-01,1.779166724496360485e-01,3.490659270926946833e-01,5.218940818568028606e-01,-8.182099210420519519e-02,0.000000000000000000e+00,1.872713159448215370e+00
-1.366321693929121832e-02,-2.952495093251926005e-03,-4.010476430062915741e-04,-2.163364050422657281e-01,4.894779963644930315e-02,1.108683444070545782e-01,3.876126783723869984e-01,4.615829193318909396e-01,-2.462816631304735882e-02,0.000000000000000000e+00,1.734508669916271506e+00
4.448071548592291702e-02,1.192995629652218448e-01,1.255739095080377898e-01,-1.469883598376530431e-01,3.587263883116987295e-01,1.281016975869842152e-02,3.231136484877342729e-01,4.421676229925459167e-01,1.069465702240557092e-01,0.000000000000000000e+00,1.635241549364965685e+00
-2.965390227568720158e-02,-3.946916867559628270e-03,1.053915173090010267e-02,-1.190421335357635113e-01,3.067197463967865634e-01,-8.357179590183637374e-02,2.609045546070303812e-01,5.053705135020257755e-01,1.375744465396334659e-01,0.000000000000000000e+00,1.714755956727477271e+00
8.853534027723017341e-02,-1.020400236575584423e-02,2.462942223082244808e-01,-7.039500264067426183e-02,4.785677307148508142e-01,-1.422390790053111309e-01,1.670184345671779924e-01,5.561800375955457953e-01,1.978925343972284812e-01,0.000000000000000000e+00,1.590027296420444047e+00
-3.136217645414814820e-02,6.984657486239932885e-03,1.090140006392472521e-02,-1.760768664892587571e-02,6.006702849892109342e-01,-1.154197430677376679e-01,6.282770771774777441e-02,5.846835725899690583e-01,2.810253042435677528e-01,0.000000000000000000e+00,1.576399645729290810e+00
-1.763403172525504145e-02,-9.579422007567668651e-02,3.914593937325791528e-02,3.093221539313596984e-03,3.225478686488836289e-01,-5.340004985618832661e-02,1.032827188092595994e-01,5.400698690170828709e-01,2.919637606368388760e-01,0.000000000000000000e+00,1.530683973231869111e+00
-1.543607864455790943e-02,2.456947404073655736e-03,-1.202507759518164909e-02,6.933612401061160779e-02,1.484387297705037079e-01,-1.987588740841121290e-02,1.944973031680825859e-01,4.933905468623796531e-01,2.297704737679247267e-01,0.000000000000000000e+00,1.631123460391232127e+00
-1.898839261905524087e-02,-2.841218766821345960e-03,-9.182742846756996799e-03,1.593850786665857999e-01,2.162734578528769935e-01,-2.993313740155524941e-02,3.738732536363157943e-01,4.458851153049263050e-01,1.494505154921441648e-01,0.000000000000000000e+00,1.622852721989243241e+00
7.847945778690512686e-02,-2.900401184158544754e-01,1.391450753382710015e-01,1.925065299022348242e-01,3.112420852341769573e-01,-1.036862958881244468e-01,3.337998996081710801e-01,4.822370347004238944e-01,1.288235874392391900e-01,0.000000000000000000e+00,2.003308950253803733e+00
2.218483760889561340e-02,6.840300765872457667e-02,-5.307957079011643015e-02,2.763452282405509108e-01,4.084718395816592795e-01,-1.380485604695418089e-01,3.616603997674265880e-01,4.450593509771137435e-01,1.344491583660358258e-01,1.000000000000000000e+00,2.423427288033802807e+00
8.239322631241002837e-01,-4.916065860025579659e-01,4.641550290194473294e-01,3.332726830792575590e-01,-1.771679620532119470e-01,-4.439565473293596853e-01,1.009322094017393479e+00,7.597499201953268090e-03,2.432092390215548905e-01,1.000000000000000000e+00,3.751647434867626085e+00
1.107446488495306310e-02,7.203538488583260957e-02,-6.466324799455146211e-02,3.436231620957476141e-01,-1.027363205968752302e+00,-1.071696431691401274e+00,9.623790276212134120e-01,2.666045366855684384e-01,1.682022445337300054e-01,1.000000000000000000e+00,4.470700282608761178e+00
2.597708691351897858e+00,-7.185511211794071151e-01,2.215886091143591141e+00,7.038189710033208035e-01,-1.455117600015307655e-01,-1.582101922932991789e+00,9.707752789751605826e-01,-1.113723654899120979e-01,1.088218475568558385e-01,1.000000000000000000e+00,7.213184623839734577e+00
-1.221856531923903692e-02,1.708169695215790429e-01,-8.543976340545834935e-02,9.853502279944046371e-01,-8.898564054859497974e-02,-2.485577253484824389e+00,1.073057822527820226e+00,-8.020580403320091145e-01,1.662571589992307280e-02,1.000000000000000000e+00,8.377658641416418916e+00
4.517934088654666169e+00,2.813200513600623953e+00,3.967531570566416033e+00,9.988057817299434982e-01,-4.530319896144363589e-01,-3.733514069962359017e+00,4.872235714714438504e-01,-1.361794332440014577e+00,-1.818302136593301921e-01,1.000000000000000000e+00,9.505000419796145295e+00
-1.013546247668370842e-01,1.853086798048541595e-01,2.620172609232124597e-02,1.080574475598404360e+00,1.597416964609821577e-01,-4.796229923100508330e+00,-5.577367431134113707e-01,-1.732748683557220781e+00,-2.546495064256366070e-01,1.000000000000000000e+00,1.225406276467269429e+01
-6.875440013818574780e-02,1.384498654860390754e-01,5.689133947347130987e-02,1.207885133337830652e+00,5.215269143153898890e-01,-5.124766900448628704e+00,-2.104568093827222430e+00,-1.346096942502976068e+00,-1.893309835974457123e-01,1.000000000000000000e+00,1.254970277143174862e+01
2.593404394029552584e+00,4.954180525826655135e+00,2.056754172149791060e+00,1.362106801385097210e+00,6.888525385698073267e-01,-4.781982150637810847e+00,-3.557131852349181944e+00,-2.295160172565448298e-01,-2.580873234165940722e-01,1.000000000000000000e+00,1.367542302809435029e+01
1.594159636949030526e-02,4.062596377397235253e-02,4.225699726455289101e-02,1.724372643911496583e+00,7.657319167328280329e-01,-3.381510733249642797e+00,-4.448667984970439804e+00,-2.761952358887658776e-01,-2.330850180278128125e-01,1.000000000000000000e+00,1.223486876067400253e+01
1.017792336580205292e+00,1.409781894974870387e+00,1.822934292907923692e-01,1.722302581143699385e+00,-1.045455341957906015e+00,-1.925723860666035847e+00,-4.329974653159539777e+00,4.642774680570442569e-02,-7.946996944307174182e-01,1.000000000000000000e+00,1.226948826121441094e+01
7.504379679450534635e-02,1.655141886489274947e-02,3.479950431616170292e-02,6.738016228543487474e-01,-2.623743254288370075e+00,-1.105220060718060893e+00,-4.029615626164079423e+00,-4.339952446619009252e-01,-8.787699985148151871e-01,1.000000000000000000e+00,1.151292338712760888e+01
9.133896618585878036e-02,2.696096817899658049e-01,-3.760621735430347279e-01,-2.174890264753133462e-02,-2.883776357731648421e+00,-5.478807886255855353e-01,-3.843369867683999352e+00,-2.906531856617266540e-01,-7.778231382932901949e-01,1.000000000000000000e+00,9.371206022418411052e+00
4.885553184263839721e-02,2.305046387038665271e-03,3.198353100152422079e-02,-3.934467519537247771e-02,-1.497686805903710727e+00,2.753549643057004882e-03,-3.694144480904051786e+00,-2.414955352987704917e-01,-6.603121724302162265e-01,1.000000000000000000e+00,8.520107851426047318e+00
-3.475260288609918202e-01,-1.219302715062800635e+00,-2.421174805958454523e-01,-1.262884900329291626e-01,-7.515048245917380632e-01,4.670631831015527036e-01,-3.632698433347411271e+00,-2.567799395494211878e-01,-5.884304922231493595e-01,1.000000000000000000e+00,7.505594622567780760e+00
5.507900139016502078e-02,1.048014716892973174e-02,2.467998337705768278e-02,-2.132323116719124778e-01,-3.037956145782983453e-01,1.007640294507701428e+00,-3.767421349067224146e+00,-3.949487765412502960e-02,-3.999754848194087553e-01,1.000000000000000000e+00,7.995061268625228479e+00
5.315653388300152493e-02,-4.549597666614317733e-04,3.271988009516678397e-02,-1.676902992193285702e-01,-1.432534242880689479e-01,1.763610209709700838e+00,-3.801387973288856248e+00,1.476347755161842856e-01,-2.774641100928995630e-01,1.000000000000000000e+00,7.808063276560996968e+00
-1.145022493304403310e+00,-3.462842584779675104e+00,-7.406074252946397429e-01,-1.925313925042271834e-01,-3.015344451596030928e-01,2.670438776464258979e+00,-3.620485675122333102e+00,1.517656676048788900e-01,-5.231119432877979758e-01,0.000000000000000000e+00,9.476830366216523416e+00
-7.606333556994142320e-02,6.533354734008911535e-02,1.171587981533071116e-02,-4.368021026543813523e-01,-2.291774058339728637e-01,3.424732191578417684e+00,-2.923209136497501692e+00,-3.385715338905808669e-01,-4.746699765970344154e-01,0.000000000000000000e+00,9.524260014351463965e+00
-2.560305901296330955e+00,-3.445584862953655403e+00,-2.105559280366576136e+00,-6.976335384223599778e-01,-6.587973666291333519e-01,3.662754135346364404e+00,-2.287760583047857121e+00,-5.703147871112947964e-01,-2.427734113659655579e-01,0.000000000000000000e+00,1.141216641764963846e+01
-7.595788654657821548e-02,1.380358469000773636e-01,-1.816306838881216051e-02,-5.372015266105218956e-01,-3.241460332152728552e-01,3.975366997495308752e+00,-2.219444982529532595e+00,-3.575738100360438265e-01,2.703993244533358098e-01,0.000000000000000000e+00,1.137279877895119284e+01
-3.762503854386608726e+00,-2.721062228745811051e+00,-3.427107818057914201e+00,2.080322144198369361e-01,5.667529135188346112e-01,4.221768609377943626e+00,-1.087468279401622828e+00,-9.813388605038236845e-01,1.732027056114862906e-01,0.000000000000000000e+00,1.122519262254759731e+01
-3.815836600980552357e-02,5.016340472375741683e-02,-7.008514780928792876e-02,-6.418472883363342263e-02,-5.864374617588850036e-01,3.646829154714696042e+00,2.181596457690941071e-01,-9.346596418716026644e-01,-5.424887821784243336e-01,0.000000000000000000e+00,1.062082619587414278e+01
-3.046101643246678314e+00,8.675463099684330714e-01,-2.762736269319985727e+00,-8.042422081984922366e-01,-4.824242416078300399e-01,2.978860427731440108e+00,4.120383542288950096e-01,-3.369191080401153227e-01,-2.318349027583738176e-01,0.000000000000000000e+00,8.769219400158890565e+00
6.521470384489391845e-04,5.198974950996302496e-02,-8.793660670124994749e-02,-4.626772071091884153e-01,3.112420852341769573e-01,2.598361074039243324e+00,5.601188845913142034e-01,-1.373971236786616645e-01,-1.437016718342783717e-01,0.000000000000000000e+00,8.878238470877839461e+00
-1.095670523772298947e-03,7.266241815382933067e-02,-1.078757957848023030e-01,-2.101261292919601453e-01,6.933777217255592262e-01,2.187690147387896911e+00,1.200910866473245520e+00,-2.096877352308120224e-01,-4.384166076761412678e-01,0.000000000000000000e+00,6.775047073135181286e+00
-1.236404005210733459e+00,1.374082329906315847e+00,-9.497189198140564281e-01,-4.916584842276241485e-01,8.064355983251385585e-01,1.547378675948275273e+00,1.641717728901566753e+00,-5.271366332295900764e-02,-4.702944948325163965e-01,0.000000000000000000e+00,6.561463558050523837e+00
-1.682471047095309216e-02,3.919208882480379463e-02,-3.881469735861893533e-02,-6.075835927013667481e-01,1.159176180957278257e+00,9.213149769713505632e-01,1.454327114003958643e+00,1.525917770076299917e-01,-1.402639592719625572e-01,0.000000000000000000e+00,5.162889464990579214e+00
-2.404405684680530342e-01,5.917611820877385354e-01,6.819732928520064186e-02,-3.953992635376680220e-01,1.419209284400557047e+00,5.039391199579014158e-01,1.332580512933612793e+00,2.418191841534023390e-01,7.631879833711942285e-02,0.000000000000000000e+00,5.161508099191507881e+00
-2.631314540431415813e-02,1.431564784905196841e-02,-1.917829011792046914e-02,-1.852850457233852499e-01,1.493827429466113355e+00,1.242780084420572473e-01,1.394789574933046561e+00,2.141421036366690511e-01,5.912966116801153527e-02,0.000000000000000000e+00,4.886877616539638147e+00
1.950830106510266504e-01,7.678158515180685817e-02,5.183145198062013570e-01,-2.070209962749691990e-01,1.566184553696769122e+00,-1.908491160494258931e-01,1.047105512041589304e+00,3.562449985327164614e-01,1.882040627375946018e-01,0.000000000000000000e+00,3.963854904975738780e+00
-2.930723861138826228e-02,3.135841207305906791e-02,-6.532431048839507093e-03,-1.200771843523096155e-01,1.545834092607281773e+00,-2.000682536810911571e-01,7.513260701225937810e-01,3.822695151690090332e-01,4.072869986712338575e-01,0.000000000000000000e+00,3.528463093655787475e+00
4.509495604700607119e-02,-4.429253350829417957e-02,1.416171239004748172e-01,5.163312484449753513e-03,1.122997661294463212e+00,-9.865766892466039384e-02,8.120085293735749277e-01,3.029564560810660279e-01,4.594793894917958976e-01,0.000000000000000000e+00,3.090004579925992090e+00
-2.996497689460714611e-02,1.749585460685251087e-02,-1.480052105683870960e-02,1.137358531985821833e-02,2.886305184047636696e-01,-9.027663185312176375e-02,7.845296799014325195e-01,2.661913784617112033e-01,4.144750831490272014e-01,0.000000000000000000e+00,2.780130065706746034e+00
1.196882770602408358e-01,-3.252034375684570433e-01,1.164193396568675293e-01,6.209081201824547674e-02,-1.500340563864082655e-01,-1.363723436141523471e-01,8.078103399340605950e-01,2.521463453601506255e-01,2.691492091838967871e-01,0.000000000000000000e+00,2.407929071351544881e+00
-5.376548052372492892e-02,-7.357624587252925216e-03,-7.479944082381051289e-03,1.842261622351607231e-01,3.085853980504173547e-02,-2.302400154618754469e-01,7.372049309368687853e-01,2.748663208629570365e-01,1.460128029298283225e-01,0.000000000000000000e+00,2.281991326302756473e+00
-6.423195514876557655e-02,-2.432284864093915006e-02,-8.553907007862774584e-04,2.887657603085146407e-01,3.881214421709411333e-01,-2.679546822837992615e-01,5.875977978259971923e-01,3.756600878270980881e-01,1.150724239040511188e-01,0.000000000000000000e+00,2.020538301995340902e+00
1.344485041052886354e-01,-4.610647669786886449e-01,2.425964011336137205e-01,2.856595876448860261e-01,3.225450455567784314e-01,-3.006401242070829705e-01,4.689043384900155598e-01,4.628220834360177172e-01,3.975287449170606530e-02,0.000000000000000000e+00,1.978036334166115573e+00
-7.405321356211153061e-02,-2.884808591585071719e-02,8.393020929933188781e-04,1.925054902555971559e-01,3.311687042420199956e-02,-2.294012618935959424e-01,2.872384520178335454e-01,5.743561698307640961e-01,4.319063926834264960e-02,0.000000000000000000e+00,1.869477407037438477e+00
5.180942260955728046e-02,-1.057276634442884389e-01,2.647446816178940232e-02,4.759913867055184239e-02,-3.422353036598086429e-01,-1.531338040869172912e-01,3.673851600741229739e-01,5.499838719999736725e-01,-1.837758996585207513e-02,0.000000000000000000e+00,1.812365192943672154e+00
-8.305065148044069034e-02,-3.982205125114951505e-02,5.032064295764798224e-03,-8.293312961594880711e-03,-3.309294990188456076e-01,-1.246382591615225049e-01,3.173888881810378870e-01,6.412765526526241766e-01,-3.712931900743792618e-02,1.000000000000000000e+00,1.711043504942256321e+00
-1.756087646529762639e-02,-1.593014082069046239e-02,1.127029905494656564e-01,-4.153131071322568521e-03,2.181108276424406980e-02,-9.698083053139051890e-02,3.009779086351750399e-01,7.036531612218838161e-01,-5.556841480302234654e-02,1.000000000000000000e+00,1.540629674495971990e+00
-5.305238150324105562e-02,-1.653368241976743355e-02,1.099438031487995002e-02,-3.830962923698821160e-02,2.841053564752680782e-01,-3.579923551969738105e-02,2.044202114686417826e-01,7.751176633712827391e-01,8.631972049263197944e-02,1.000000000000000000e+00,1.563157762876999479e+00
-1.317094442542771915e-01,5.175571596627670523e-02,-1.223916818351781927e-01,-4.244981112726052552e-02,1.393912778240076200e-01,4.968737801405315180e-02,2.532715408647686073e-01,7.395918533785365012e-01,1.657020401020122546e-01,1.000000000000000000e+00,1.559198505714192606e+00
-2.061626191720281748e-02,-7.034393353332070963e-03,-1.102940555986360940e-02,-3.209935640157974418e-02,-1.929988861711577075e-01,1.008117198855750102e-01,4.024970551697975019e-01,6.693666878707331680e-01,1.622642492182154172e-01,1.000000000000000000e+00,1.642527344964488378e+00
5.171296745891524466e-03,7.209243608176768570e-02,-2.300315024346963333e-02,1.022095805701634741e-03,-2.336997234451067829e-01,6.142083620826171986e-02,5.605005352784272477e-01,5.710513871448208434e-01,1.110094187425721690e-01,1.000000000000000000e+00,2.613888506465684713e+00
1.587591173849176862e-01,-1.905629907707811002e-02,-7.856576410518455178e-02,7.554536983060325395e-02,-3.037956145782983453e-01,-7.854253953292379686e-02,9.184891667219376998e-01,1.999017546803616083e-02,4.347895868132140018e-01,1.000000000000000000e+00,5.007017188540284103e+00
4.185173952223803645e-02,2.561447164043902935e-01,-1.116591724137714486e-01,1.780148662708649077e-01,-2.350143176785433052e+00,-9.375992406116070432e-01,2.330597729241017824e+00,-3.513774028880146671e-01,6.001174617323319360e-01,1.000000000000000000e+00,6.478645430769848446e+00
3.333046958179513464e+00,-8.762976779334398225e-01,2.639622196007456623e+00,4.295309029878708329e-01,-1.567782633358132838e+00,-2.400928750739038886e+00,3.149620677648572453e+00,-1.392775988597727999e+00,7.381856779824140513e-02,1.000000000000000000e+00,1.032453110994634038e+01
-1.519486400361779420e-02,4.337355513721790068e-01,-6.542465747964298917e-02,7.752360879107117464e-01,-3.245670012617965505e-02,-4.261519704436880218e+00,2.479441624740203576e+00,-2.394518062017216842e+00,6.819294465712377740e-02,1.000000000000000000e+00,1.261525700771457359e+01
5.642599329205499004e+00,2.675491114026165906e+00,5.288655804973359409e+00,1.120941136805020610e+00,7.001583432107704175e-01,-5.753344916841069079e+00,6.299610240955501039e-01,-2.784061444787294448e+00,7.881897666167669847e-02,1.000000000000000000e+00,1.601906254775560967e+01
-1.441366116574473721e-01,1.162868005843424868e-01,8.581916442187401128e-02,2.077323155401189503e+00,2.377937094402386542e+00,-6.293922138393171828e+00,-2.249213736124353602e+00,-1.252738677776003007e+00,-7.859488875446440925e-01,1.000000000000000000e+00,1.678815174473350780e+01
1.717047218408740417e+00,3.669877209257612627e+00,8.438641948942756654e-01,2.516182389131700337e+00,3.843167533432143124e+00,-4.946250678649711574e+00,-3.917791911077403100e+00,-6.428023018629080987e-02,-9.919055087205314036e-01,1.000000000000000000e+00,1.637263256233365283e+01
-1.004833522113105920e-01,6.676035712567642000e-02,6.034625399979984955e-02,6.613810810700613274e-01,-2.157944943640445867e+00,-3.373967544976051780e+00,-4.210899702542795886e+00,-2.902401309603512836e-01,-8.500173212105562870e-01,1.000000000000000000e+00,1.657527506266426442e+01
-2.299875078877789206e-02,7.349080858393562676e-02,4.812871714171116505e-02,-6.686416510784259915e-01,-5.011498000353323157e+00,-2.230798884487700473e+00,-4.229600618092607789e+00,-2.898270762589755800e-01,-7.953247520654369573e-01,1.000000000000000000e+00,1.365875647691922268e+01
2.557821047235733780e-01,1.884266447060286342e+00,-2.637649178357710511e-01,-5.195951496669766190e-01,-2.370465831478997476e+00,-1.345761121118068893e+00,-4.163956763671697203e+00,-4.170586216057483031e-01,-5.209242415662796999e-01,1.000000000000000000e+00,1.213982904855259726e+01
7.659719271989978706e-02,1.552449733810367521e-02,4.808777858433172653e-02,-3.684784980408164490e-01,-1.190141720344525700e+00,-6.912017985400684683e-01,-4.077321962053214399e+00,-4.026004302803305457e-01,-3.049666982348796518e-01,1.000000000000000000e+00,9.371344418744264715e+00
-2.019595836178058879e-01,-5.855904170236000961e-02,-1.401588795033812951e-01,-3.943546421422611248e-01,-7.039928212495755178e-01,-9.782417089187615822e-02,-4.145255848121885300e+00,-1.167426632351901972e-01,-4.109140456413213904e-01,1.000000000000000000e+00,9.267164780565176230e+00
4.606904140030874256e-02,1.073113710521613612e-02,3.732325398494012320e-02,-4.771582605150599399e-01,7.384540668921654727e-02,7.050795094258716089e-01,-4.257461341420755829e+00,4.808017265616997687e-02,-2.437109717108844886e-01,1.000000000000000000e+00,8.464636050174791038e+00
-1.162059760197665881e+00,-2.487669318766754678e+00,-7.325323799981480200e-01,-4.668078203638647561e-01,-2.338437100714783543e-02,1.675603907571687756e+00,-4.404396696552943524e+00,1.910091769549684959e-01,3.499427249331645440e-03,1.000000000000000000e+00,9.229468343448736789e+00
-3.943561730527432585e-02,6.675046589666150387e-02,3.774830656073457219e-02,-4.336863691282157318e-01,-1.011510206544119495e+00,2.736643732676082408e+00,-3.910540197328280954e+00,-2.096877352308120224e-01,1.091342458384135378e-01,1.000000000000000000e+00,9.323959579357721239e+00
-2.038128928173423393e+00,-3.637830790112575485e+00,-1.584277526108410106e+00,-2.784295531011659053e-01,-1.664984814798512902e+00,3.363545563683406403e+00,-3.204104488550520102e+00,-5.162000317344117573e-01,-4.306726210863177917e-02,1.000000000000000000e+00,9.349236480977065611e+00
-2.893289457845243939e-02,7.769546406126759397e-02,2.697479046454676066e-02,1.066073345168202652e-01,-8.125283590117644561e-01,3.623357602755150175e+00,-2.291577089918988008e+00,-7.194401985581225789e-01,5.475425772497487936e-02,1.000000000000000000e+00,1.003919195819079491e+01
-5.486215036668831008e-02,4.381535524442988633e-02,-4.088719325021826501e-03,3.281070384406825080e-01,1.439412872092798446e-01,3.532842490499295884e+00,-1.733603402784407832e+00,-5.591615165017957967e-01,2.100114545012021425e-02,1.000000000000000000e+00,9.762249233072866517e+00
