-1.372780446609988755e-02;2.281024830857336476e-03;8.759901246157764587e-04;2.379904550721095510e-02;2.705542469196654531e-01;1.280765528393154259e-02;-2.100527280438598821e-01;3.322857554033017968e-01;2.779000160699701127e-01;1.000000000000000000e+00;0.000000000000000000e+00;0.000000000000000000e+00
1.693456144144398542e-03;1.805892579899530653e-03;-8.967089970201369900e-03;-5.796954245332153199e-02;1.439294196093099387e-01;5.303665210948042830e-02;-1.604380908972528330e-01;2.901505525761383097e-01;3.138407778520223568e-01;1.000000000000000000e+00;0.000000000000000000e+00;0.000000000000000000e+00
-4.382361478991038395e-02;7.430330239597873754e-02;-3.350259598088931035e-02;-6.831999523573756283e-02;3.087154152389266770e-02;4.884612806641343979e-02;-2.228045130069415680e-02;2.496678101069340072e-01;2.888384724632412359e-01;1.000000000000000000e+00;1.057835266605048119e+00;0.000000000000000000e+00
3.350982980107802389e-03;7.474979838901042034e-03;-1.023829007664626284e-02;-2.174295139925498666e-02;1.642798276331562946e-01;1.364575899108540560e-02;-6.540700923168002445e-02;2.946946719036774298e-01;3.963484900636419783e-01;1.000000000000000000e+00;1.035969260096609723e+00;0.000000000000000000e+00
8.623860287745822514e-04;-2.192369348269796181e-01;-1.995602053204415319e-02;1.407697878172917416e-01;1.190838211300469518e-01;2.621208187884563681e-02;1.015988101487115720e-02;3.132835137653324775e-01;3.935358351360457863e-01;1.000000000000000000e+00;1.003466084327386598e+00;0.000000000000000000e+00
-3.023410482099639970e-03;-1.972910162468562070e-03;-6.924596543929692830e-03;1.438749208342826602e-01;-7.763688882299750460e-02;1.280241627032934100e-02;3.725710211678971012e-02;4.194475439672576966e-01;2.560228944261448980e-01;1.000000000000000000e+00;9.905041425185378001e-01;0.000000000000000000e+00
-4.677355121845382796e-02;2.178264261083776368e-02;-2.694955224578015479e-02;2.070451882918893441e-02;3.089867441069916315e-02;3.124070726879605436e-02;-3.029512146869767913e-02;4.149035971771880549e-01;3.257168468045330556e-01;1.000000000000000000e+00;1.037018232725873235e+00;0.000000000000000000e+00
-5.903486932666177252e-03;1.655265526852010491e-02;-6.429437540089292386e-03;-4.243324965348576477e-02;-1.206331954619124618e-02;4.213605782206671091e-02;-7.876479284501923528e-02;2.971731726494001302e-01;4.526036510812395108e-01;1.000000000000000000e+00;1.045332903982778783e+00;0.000000000000000000e+00
1.379109534930727729e-02;5.297604634615062785e-02;-7.393265015858627165e-02;-4.243324965348576477e-02;-2.766187681947372412e-01;1.364052076424001302e-02;-2.724191374010404704e-02;2.409930747506512372e-01;3.979111341504409372e-01;1.000000000000000000e+00;1.051799146132528007e+00;0.000000000000000000e+00
-2.276932502248454047e-04;8.225653469594047112e-03;-8.127147934687802347e-03;-5.071361246239801390e-02;-3.444534899092335234e-01;-2.072174381717734742e-02;2.924242812303373684e-02;2.405798820193003618e-01;3.247793386739349364e-01;1.000000000000000000e+00;1.106948975545069436e+00;0.000000000000000000e+00
1.036277317458650232e-01;-1.454298203116995425e-01;1.306163068523379100e-01;-3.518793183132540997e-02;-1.658220397875965757e-01;-8.357954545642140576e-02;1.970115456895245309e-02;2.562772374488449523e-01;3.416559470256831377e-01;1.000000000000000000e+00;1.218390820384246176e+00;0.000000000000000000e+00
-2.527447252419842347e-02;2.084966541428293421e-03;4.936849794090837455e-03;1.252440935833659119e-01;1.846573946521045118e-01;-1.246466459891241579e-01;-1.016638500124397437e-01;3.190667971969983752e-01;4.022865898077983560e-01;1.000000000000000000e+00;1.335816503780864473e+00;0.000000000000000000e+00
-2.737290808909989895e-02;9.752059716270208498e-04;6.730094842143149320e-03;2.297836916567198295e-01;2.457086505630281248e-01;-1.103988735264267579e-01;-2.047096184242766514e-01;4.330797294124059671e-01;3.591575085835092551e-01;1.000000000000000000e+00;1.334851014829076421e+00;0.000000000000000000e+00
2.685491123102633215e-02;-2.428448256814005057e-01;3.998680780541113283e-02;1.976972718049695155e-01;9.194993668949971721e-02;-6.262694491000671271e-02;-2.302802304014887613e-01;4.244045454587030974e-01;3.419684497358825848e-01;1.000000000000000000e+00;1.426537011697561530e+00;0.000000000000000000e+00
-2.383641146810726655e-02;6.576644289322577594e-03;3.439581660635356464e-03;1.511202474011343611e-01;-1.251211940231449493e-01;-8.988287589860803617e-03;-1.871536613120582671e-01;4.239914907573277270e-01;2.035180008953836051e-01;1.000000000000000000e+00;1.867198129624523917e+00;0.000000000000000000e+00
-1.296367118888248904e-01;-7.879084413864469172e-02;-4.618734002425448071e-03;7.245678857106334358e-02;7.838298385609787644e-02;5.889813983271208891e-02;-2.035646504223022069e-01;5.351128675256369149e-01;4.157252506327872021e-01;1.000000000000000000e+00;3.416200286585836299e+00;1.000000000000000000e+00
-1.537017300495937579e-02;2.138093730695939110e-01;-6.744759796276695966e-03;5.361571301609587836e-01;7.522079258424400061e-01;1.871280605267162667e-01;-2.432563537633338213e-01;2.319048360955730248e-01;1.739285810330649662e+00;1.000000000000000000e+00;4.720246035999786649e+00;1.000000000000000000e+00
4.549832185304723553e-01;-3.773239949053497799e+00;-1.802706823766921373e-01;2.114601385951283330e+00;-5.728304125270873293e-01;4.381226680988805494e-02;-6.807856563553517371e-02;-4.269727626186145542e-01;2.949085358366348775e+00;1.000000000000000000e+00;8.564411871443132540e+00;1.000000000000000000e+00
-2.169843251944842885e-02;1.765998059142658561e-01;-2.155706552434943565e-02;3.633013073318557495e+00;-3.198034268113007617e+00;-4.707836170863819447e-01;2.593779518585780375e-01;-9.154408346417929054e-02;1.569582479754173976e+00;1.000000000000000000e+00;1.054214885048559758e+01;1.000000000000000000e+00
5.105490774374584539e+00;-5.163563463607243165e+00;4.016415613948362662e+00;4.292336955298222456e+00;-3.851508982498683231e+00;-8.831308077985265959e-01;3.028861620707404834e-01;-2.328206964200065232e-01;8.754554803620873127e-01;1.000000000000000000e+00;1.265870517414932017e+01;1.000000000000000000e+00
-1.671449294985636325e-01;1.023537681113923792e-01;3.131210700154880566e-01;4.903013342020659415e+00;-5.262471313027242914e+00;-1.409460099536569366e+00;9.145153156811867967e-02;-5.670100734403394904e-01;1.841412664333988980e-01;1.000000000000000000e+00;1.895926185815764242e+01;1.000000000000000000e+00
-1.680069752645420578e-01;2.822716913343302214e-01;3.156593286904604834e-01;5.638927797470559611e+00;-3.736198830281852512e+00;-1.724585390884683544e+00;-2.562324771251788258e-01;-1.332662315899673933e-01;-2.021376190211250812e+00;1.000000000000000000e+00;1.918239367169548260e+01;1.000000000000000000e+00
1.188896634128590968e+01;3.666137088285863488e+00;1.223911865776261365e+01;6.126433943478875932e+00;2.029752833844180593e+00;-1.418677427627569987e+00;-5.474321745613579537e-01;4.270990941838583022e-02;-3.769976150375677459e+00;1.000000000000000000e+00;1.939266285895580211e+01;1.000000000000000000e+00
4.370237340222736244e-01;2.145061748279684100e-01;3.480427253415915856e-02;3.886595616628880201e+00;1.360450336826511064e+00;-9.803490094055467008e-01;-8.138245135726458468e-01;-1.369838964398168712e-01;-4.058127928838664467e+00;1.000000000000000000e+00;1.656208697850659561e+01;1.000000000000000000e+00
6.844875125090833790e-02;6.541342124893768650e-01;-8.819448996602492485e-01;8.435622479174141874e-01;-2.512912691228480266e+00;-6.191261416827604780e-01;-1.284781780282900909e+00;4.766701443231274871e-02;-3.791228162170462213e+00;1.000000000000000000e+00;1.555624230173975242e+01;1.000000000000000000e+00
3.690848395339140220e-01;1.718149238776764121e-01;4.551028428697848766e-02;-3.115484197947063216e-01;-1.929534080238560767e+00;-2.361125885885693165e-01;-1.313023994891810098e+00;-3.577704026680612187e-02;-3.327747482204203244e+00;1.000000000000000000e+00;1.453658403047811021e+01;1.000000000000000000e+00
-5.055037582482062586e-01;-6.717991674597866281e-01;-4.995358597672890366e-01;-7.234965071888451726e-01;1.053921232717271693e-02;-3.496762806352916170e-02;-1.159982005596920773e+00;-9.278328207580002762e-02;-3.266491912323170599e+00;1.000000000000000000e+00;1.050366842089305663e+01;1.000000000000000000e+00
2.732560623848304671e-01;1.320645472688121713e-01;4.802109164976543776e-02;-1.216178091890043333e+00;1.749369375442696661e+00;-2.239606694892353964e-02;-1.101589354824807243e+00;2.079457309961338096e-01;-3.407754963876944654e+00;1.000000000000000000e+00;1.044428053221583674e+01;1.000000000000000000e+00
-2.736540217815063958e+00;-2.040792953156453482e+00;-1.659679400827926088e+00;-1.852730991934226301e+00;4.134890588674826617e+00;5.806191962136294377e-02;-1.257684581497871656e+00;6.020330778100282387e-01;-3.189297137792345804e+00;0.000000000000000000e+00;1.029992637289373469e+01;1.000000000000000000e+00
4.616371260449543198e-03;6.266697797477308041e-02;4.019644591554929342e-02;-2.884671321768989216e+00;4.193680738845824152e+00;1.913204672788311744e-01;-1.195857138304280864e+00;5.437877064044014386e-01;-2.449540983280054096e+00;0.000000000000000000e+00;1.320518431838728191e+01;1.000000000000000000e+00
-7.193434724893717214e-02;1.387495827056179840e-02;-2.414588774531680609e-02;-4.064622937021153071e+00;2.084020730082813522e+00;2.734546526091004570e-01;-9.252666417347490402e-01;3.764862662448371089e-01;-2.003874524224782849e+00;0.000000000000000000e+00;1.348249707368388961e+01;1.000000000000000000e+00
-8.372700225768751281e+00;5.697068983598152503e-02;-8.093285065073875018e+00;-4.867818561862046423e+00;1.021276664575260229e+00;3.639698907460445776e-01;-7.901621390903639242e-01;1.360682086528527956e-01;-1.469449881039338379e+00;0.000000000000000000e+00;1.549567774430497202e+01;1.000000000000000000e+00
-1.154235016524674390e-01;2.027497426258521862e-01;-7.531363507855740047e-02;-5.234224044107855356e+00;7.951609113761015646e-01;6.212678248266114700e-01;-1.193185583494489332e+00;2.949112374955153992e-02;-3.621594979188771379e-01;0.000000000000000000e+00;1.404431500841715241e+01;1.000000000000000000e+00
-4.054278665802697468e+00;4.270454089067047931e+00;-4.051348204957461618e+00;-4.905080080335348924e+00;-3.896856871795555954e-01;9.456141184200322902e-01;-8.748886872732807296e-01;-4.899582593564041216e-02;6.973139500383794820e-01;0.000000000000000000e+00;1.376433267080128964e+01;1.000000000000000000e+00
-3.923394604809303521e-02;1.640326461910013578e-01;-4.579543662464105602e-02;-4.010800624915761503e+00;-1.664978616731635386e+00;9.866811717473265020e-01;-2.802764927301926723e-01;-2.596714604890256739e-01;1.372064058325519031e+00;0.000000000000000000e+00;1.276465797740459074e+01;1.000000000000000000e+00
-8.715997662916182831e-01;1.814732166850916428e+00;-8.522318854424280055e-01;-2.545176461178072724e+00;-1.341633003053712248e+00;7.562025972070373081e-01;1.319065426596305046e-01;-1.427671798714827689e-01;1.430194522783077238e+00;0.000000000000000000e+00;8.987053355167212487e+00;1.000000000000000000e+00
-2.425623039236654913e-02;9.055035257145038763e-02;-3.965581101341200676e-02;-1.162355779784651544e+00;-1.115632984333616851e-01;5.165048378296742682e-01;2.952531483284787095e-01;-9.897968922382920087e-02;1.500513637224826224e+00;0.000000000000000000e+00;7.830943440357267527e+00;1.000000000000000000e+00
-3.071630118605559595e-02;1.038162569730746859e-01;3.538817488667631711e-02;-3.136161700774591776e-01;3.112793797667240958e-01;1.879667904922914246e-01;3.639503038901051868e-01;5.386342158034193583e-02;1.105476794367516336e+00;0.000000000000000000e+00;4.670164981562010986e+00;1.000000000000000000e+00
-2.137219960342456870e-02;2.664276863958580516e-02;-2.093755820686923896e-02;-3.104878570116127723e-02;3.429356030446616965e-01;-1.066386756561202645e-02;1.246551636638466576e-01;2.876720518304156093e-01;8.263883777151228571e-01;0.000000000000000000e+00;3.484913089682271092e+00;1.000000000000000000e+00
-2.301390908588619652e-02;1.194049413611998362e-03;-1.473737622706922448e-02;6.624548289044381033e-02;-4.372235105785451936e-02;-5.675958798096752966e-02;-3.411163089033019541e-02;3.727685668874936575e-01;6.604356018042479848e-01;0.000000000000000000e+00;2.087592757357961126e+00;0.000000000000000000e+00
4.368589347233580583e-02;-1.482157909415681984e-01;-2.609799619357210457e-02;1.159276646020791779e-01;-3.105389415309622869e-01;-6.933115145584357875e-02;-1.226546569324218350e-01;4.339058388151573187e-01;4.416651685808081207e-01;0.000000000000000000e+00;1.733443320179761882e+00;0.000000000000000000e+00
-3.198103041000167207e-02;-6.615075894680018213e-03;-9.553914559177520416e-03;1.283482063863666256e-01;-3.761125150530199024e-01;-2.658784350883310402e-02;-1.371573894189732634e-01;4.363845120983491643e-01;3.497816440627161128e-01;0.000000000000000000e+00;1.580339788679754998e+00;0.000000000000000000e+00
-1.755626307052432153e-02;-2.147519689844895885e-01;-5.747157638779136490e-02;1.304182885868114261e-01;-2.992331581162556708e-01;-9.825763858458163441e-03;-1.810472535063759048e-01;4.562128631390695577e-01;3.482190260830778650e-01;0.000000000000000000e+00;1.655569255421739827e+00;0.000000000000000000e+00
-2.727009529132080196e-02;-1.709412652098920779e-02;-7.994843508731813361e-03;2.339228358436192257e-01;-3.082777933385235647e-01;1.783166949221466971e-02;-2.016563969867367634e-01;4.661268661219603038e-01;3.072777771161088745e-01;0.000000000000000000e+00;1.695391696913289614e+00;0.000000000000000000e+00
-6.235957592770029895e-02;-2.847869926628019410e-01;-1.641705763318024869e-01;2.349578672275178803e-01;-4.529918719897840784e-01;5.219393328687522982e-02;-1.734142333878600506e-01;4.896727094750610854e-01;2.291454161332051043e-01;0.000000000000000000e+00;1.671630047996895518e+00;0.000000000000000000e+00
-9.902641143655965816e-03;-2.221972607136902741e-02;-1.132581161408014944e-02;1.376636151536631270e-01;-4.936927092637331538e-01;9.326103381957798200e-02;-1.173115377484574839e-01;4.983475483538256645e-01;1.281985820188405456e-01;0.000000000000000000e+00;1.621994971063643654e+00;0.000000000000000000e+00
-1.427341396467381451e-01;2.627714642416572113e-02;-2.287714768312037739e-01;3.415907566991432248e-02;-3.715902186681423469e-01;1.276232984009953442e-01;-7.952809421924542099e-02;4.458851153049263050e-01;1.128846438610515562e-01;0.000000000000000000e+00;1.591559686558939646e+00;0.000000000000000000e+00
-5.394036338549846633e-03;-7.087382080204149455e-03;-1.713854863460747766e-02;-9.211646518196456301e-02;-4.484695543786501037e-01;1.435472798515140813e-01;-1.671299850015698675e-03;3.979669741210351552e-01;9.132012935606725890e-02;1.000000000000000000e+00;1.472499838590536791e+00;0.000000000000000000e+00
-1.062481185072125800e-01;1.672278664214127686e-01;-9.220870523976297528e-02;-1.738850482843352085e-01;-3.241058731381077362e-01;1.225946793050994021e-01;5.481304647649994088e-02;3.165882964512756748e-01;1.744528208809252856e-01;1.000000000000000000e+00;1.276666458059374065e+00;0.000000000000000000e+00
-1.890271528757363553e-02;1.135269487143204629e-02;-1.272963629826077796e-02;-1.552542404660658959e-01;-5.282672589472416601e-03;9.158482483175663103e-02;-1.671299850015698675e-03;3.099788346018708118e-01;2.663363976133381050e-01;1.000000000000000000e+00;1.197872242267801868e+00;0.000000000000000000e+00
-1.876629061360033865e-02;1.658798108643417049e-02;-1.349983292794810358e-02;-1.128173707467966386e-01;6.933552554172482674e-02;9.074671955108915000e-02;3.382223955651784270e-02;2.711484834756381357e-01;3.419684497358825848e-01;1.000000000000000000e+00;1.061158934143704657e+00;0.000000000000000000e+00
-7.010151141163291355e-02;3.261707096537119072e-02;-7.886762636313840447e-02;-6.313519389332312992e-02;-6.407276969482905704e-02;6.560359732187789894e-02;5.023323185488880183e-02;2.409930747506512372e-01;3.735338341820584329e-01;1.000000000000000000e+00;1.042326431682537580e+00;0.000000000000000000e+00
-1.264958820222679067e-02;-5.123266604129962654e-03;-1.468719413851354676e-02;-8.277787247928308084e-03;8.284273239264797195e-03;5.387014227469656691e-02;7.656714520632712517e-02;2.905637798149831030e-01;2.791501835537301135e-01;1.000000000000000000e+00;9.648172876689381505e-01;0.000000000000000000e+00
-5.866622388445636577e-02;5.521852926739564960e-02;2.616552169423886839e-02;-3.829410449495401075e-02;2.457058274709229828e-01;4.465099992249045580e-02;8.267355620013654149e-02;3.136967064966836305e-01;2.266451855943270866e-01;1.000000000000000000e+00;1.029203382011717238e+00;0.000000000000000000e+00
-2.150994239019065474e-02;2.806143114163083159e-03;-1.313104532452658881e-02;-8.798456159949870348e-02;2.773405485510972435e-01;3.459794255639044025e-02;5.328643416366648372e-02;2.988255639923717011e-01;2.775874089311291537e-01;1.000000000000000000e+00;1.057436874514216640e+00;0.000000000000000000e+00
-5.203282125861638518e-02;2.380467699992622754e-01;-7.025610885972523312e-02;-1.676830605581597911e-01;3.313552490740274969e-02;3.627414918394135379e-02;6.359100909197394624e-02;2.992385151712655955e-01;2.991519234361134649e-01;1.000000000000000000e+00;1.163719881285200097e+00;0.000000000000000000e+00
-2.195151017551487740e-02;-6.382632012800017185e-03;-9.448673176228347334e-03;-2.453114637135228038e-01;-2.042860117064625725e-01;2.621689919079732076e-02;5.633964922495230537e-02;3.136967064966836305e-01;2.544603025536669172e-01;1.000000000000000000e+00;1.257684595022749985e+00;0.000000000000000000e+00
-9.719993324638880050e-02;3.320210407040422584e-01;-4.844194747164056597e-02;-3.363954691860431279e-01;-1.997637153215850725e-01;3.375983727572295229e-02;3.420389024363092861e-02;3.215455049876841387e-01;2.735246126269334499e-01;1.000000000000000000e+00;1.306553132936650874e+00;0.000000000000000000e+00
-2.539903418304538876e-02;2.561143138555575793e-02;-7.530248782256630802e-03;-2.784329246654955181e-01;6.705289000990220794e-02;7.063641376535872984e-02;-2.609696072232666961e-02;3.302202748514608266e-01;4.819814643416990285e-01;1.000000000000000000e+00;1.345807893255801302e+00;0.000000000000000000e+00
-2.268042654950638143e-02;1.368879121014963431e-02;-1.211447487089846106e-02;-1.221410675382233052e-01;1.394099314581581095e-01;1.075129918285081115e-01;3.840205417812897482e-02;2.951076230825712687e-01;6.338705217928658486e-01;1.000000000000000000e+00;1.320667523406316102e+00;0.000000000000000000e+00
-8.058643961575798209e-02;-1.727941043595298057e-02;-8.872996801514422549e-02;-6.215976942516289634e-03;-1.500182322122398659e-01;6.896020871132142738e-02;1.078625270546166720e-01;2.806496042946229341e-01;5.022957852557627945e-01;1.000000000000000000e+00;1.987824431799966041e+00;0.000000000000000000e+00
-4.153800720854685519e-02;1.006669603059501678e-01;9.481838216829669916e-03;6.209702560726217124e-02;3.740476566986993337e-03;3.962656479931361830e-02;2.695252081222817772e-02;3.574841626368432945e-01;4.669801072155906896e-01;1.000000000000000000e+00;2.847066859187609378e+00;1.000000000000000000e+00
-3.780673613085048790e-01;-9.351531400161903207e-01;-1.966272027502776465e-01;3.612251375446493551e-01;5.328513343832418370e-01;2.265237670232788936e-01;-3.199681896949701509e-01;4.066418129997994568e-01;1.783977352891614743e+00;1.000000000000000000e+00;5.187700769561133463e+00;1.000000000000000000e+00
-1.800442141981249689e-02;1.542562260830225018e-01;-1.413060005164290360e-02;1.905512900999102088e+00;-5.751158435568817229e-01;4.310211612590979513e-01;-2.631021894932144001e-01;-2.489312100734080158e-01;3.222235962453350755e+00;1.000000000000000000e+00;6.612664235274444025e+00;1.000000000000000000e+00
-3.015528909009008718e-01;-4.892542022272388103e+00;-9.676159492465966627e-01;3.557445240082720783e+00;-3.075956336296106208e+00;1.661802827995509657e-01;4.364639982041326749e-01;-1.225258776518682036e-01;1.836482507493980565e+00;1.000000000000000000e+00;1.519088381194679016e+01;1.000000000000000000e+00
-2.905943340648712431e-02;1.896597607974422617e-01;-4.279220857749423818e-02;4.592490712650798557e+00;-2.784267030801146348e+00;-1.900139500922030378e-01;7.738434606622660583e-01;-3.621177223186198835e-01;9.704643974824187502e-01;1.000000000000000000e+00;1.719810499200520937e+01;1.000000000000000000e+00
1.889250242056041884e+01;-5.319166626359280059e+00;1.905927530852392238e+01;5.782792836068423092e+00;-1.319036719128928281e+00;-7.079622362289795801e-01;8.238397644366213246e-01;-7.657061209365112475e-01;1.016335803289395018e-01;1.000000000000000000e+00;1.834179149305002099e+01;1.000000000000000000e+00
4.078182429838340672e-01;3.272237946311812307e-01;9.504525754300946483e-02;6.288930032803101255e+00;-9.753407717190561987e-01;-1.245186929659485742e+00;9.826065459194772700e-01;-7.239841453481925537e-01;-2.105759023112708128e+00;1.000000000000000000e+00;1.950120774755009734e+01;1.000000000000000000e+00
-3.925675906053256448e-01;3.029337622328236446e-01;4.219705395258319808e-02;5.110013206026743582e+00;7.835867554723448258e-02;-1.580428491196711915e+00;5.219538158800053340e-01;-2.291028590326876224e-01;-3.745598850407294567e+00;1.000000000000000000e+00;1.856198011666245051e+01;1.000000000000000000e+00
-3.923443682039969294e-01;3.965797170204413025e+00;-2.877472833117667994e-01;3.067868836980132130e+00;-3.783951654432220479e-01;-1.359169109361064720e+00;-6.134578071944630784e-01;-4.156022017599048796e-02;-3.682468081514942870e+00;1.000000000000000000e+00;1.851523611620934062e+01;1.000000000000000000e+00
-2.888350137214495406e-01;1.774034682718348688e-01;1.848743054605336486e-02;8.073296881256885049e-01;-2.919936346872600286e+00;-7.800391991025931171e-01;-1.187842473874906046e+00;2.319048360955730248e-01;-3.309620863011657477e+00;1.000000000000000000e+00;1.093564558885953808e+01;1.000000000000000000e+00
-1.298735767575514288e-01;-2.663594563765277479e-01;-1.075905790196397982e+00;-2.991328041865431442e-01;-3.139265768723568328e+00;-2.101290637488034685e-01;-1.073728822784281389e+00;2.083589927424722710e-01;-3.251490398554099936e+00;1.000000000000000000e+00;1.063865337278538448e+01;1.000000000000000000e+00
3.401626109344798032e-01;1.369430427228761626e-01;5.286355761341975101e-02;-9.429310307975776739e-01;-1.447919873662243173e+00;5.303559785535415239e-02;-8.344337463205636629e-01;2.224038878140576492e-01;-3.263679100752611806e+00;1.000000000000000000e+00;9.959243019728182489e+00;1.000000000000000000e+00
-1.895155276697779501e+00;-1.632235738642194622e+00;-1.681323704667450292e+00;-1.449068266397551596e+00;3.112607431135787084e-01;1.133790899466502466e-01;-7.325328534550171744e-01;4.913252733555021345e-01;-3.063660500999399794e+00;1.000000000000000000e+00;1.148459307667509144e+01;1.000000000000000000e+00
4.096372693425399947e-02;7.104096311152882648e-02;6.319901071041680862e-02;-2.184985539581328684e+00;1.355915559402852910e+00;1.276268624093476467e-01;-6.535311293413373912e-01;7.201767295766610122e-01;-2.709252665470463395e+00;1.000000000000000000e+00;1.149691586139689470e+01;1.000000000000000000e+00
-6.897783286085346965e+00;-1.089461611541645336e+00;-6.400356852540036279e+00;-2.959199508367162057e+00;1.744834704150320714e+00;1.242744444337049448e-01;-6.699421088872002938e-01;7.755307180726587202e-01;-2.279525149993379518e+00;1.000000000000000000e+00;1.160511849519795824e+01;1.000000000000000000e+00
-4.347695112560852337e-02;4.217623729317333814e-02;2.831540901329763354e-02;-3.433250392129651551e+00;2.778183630893606093e+00;2.206564100942397244e-01;-7.088705108540056532e-01;7.181112835323140153e-01;-1.822295203017277876e+00;1.000000000000000000e+00;1.430190063016505242e+01;1.000000000000000000e+00
-1.742851464929372762e-01;1.996834616308313382e-01;-1.053459155500266614e-01;-3.821392359324848442e+00;3.171625029573438947e+00;3.304480476573453118e-01;-8.661107214696796008e-01;4.351450029192841518e-01;-1.199424792258230177e+00;0.000000000000000000e+00;1.349881230880761507e+01;1.000000000000000000e+00
-6.177672037359950075e+00;2.788309942297707789e+00;-5.747769682113807121e+00;-4.081188588815101603e+00;2.296557113088559365e+00;7.159759339021888325e-01;-1.130594807045401939e+00;1.959663164763893739e-01;3.410308371766427871e-01;0.000000000000000000e+00;1.444951499126086247e+01;1.000000000000000000e+00
-6.099664730075135544e-02;1.041200590071427040e-01;-4.535764609505266165e-02;-3.735483539920792406e+00;-5.276286961609983894e-01;8.215770293268208624e-01;-3.959167242523803920e-01;3.302202748514608266e-01;5.301109022151029304e-01;0.000000000000000000e+00;1.144034193513446240e+01;1.000000000000000000e+00
-1.987435628305103563e+00;3.349985148273686875e+00;-1.998059941843392417e+00;-3.265572976020372220e+00;-1.187886770218964605e+00;8.995207118564569893e-01;-2.173040879108815437e-01;3.859873525563279340e-01;3.391556642724841697e-01;0.000000000000000000e+00;1.101893101612618864e+01;1.000000000000000000e+00
-3.349620106442861844e-02;1.395536206667940260e-01;-2.688247023029261690e-02;-2.640405566943930804e+00;1.597631774324890785e-01;8.995207118564569893e-01;1.048093215577119708e-01;2.536023166085724437e-02;8.560787459001025779e-01;0.000000000000000000e+00;9.864937746208076064e+00;1.000000000000000000e+00
-6.625240105032960125e-01;1.769461071418294118e+00;-5.496742918813674050e-01;-1.882752294626950818e+00;2.230756027621079163e-01;6.849660322234374377e-01;1.872459401129338841e-01;2.949112374955153992e-02;1.277680146625586488e+00;0.000000000000000000e+00;6.469171101943654634e+00;1.000000000000000000e+00
-1.584403455369086042e-02;7.993988990249789595e-02;-2.824579912019293398e-02;-1.096117754907859121e+00;5.348877088173373262e-02;4.779543520423746861e-01;3.410512626633197542e-01;1.245017453120025180e-01;1.162357247984276754e+00;0.000000000000000000e+00;5.684319695948193640e+00;1.000000000000000000e+00
-1.255057463986321842e-01;3.677688255140459384e-01;-1.186589641165644166e-01;-5.899805581731799586e-01;2.183256394801356970e-02;2.910571561124639106e-01;4.341740940814541871e-01;1.178923179700915869e-01;1.033595166374770447e+00;0.000000000000000000e+00;3.715949880975688568e+00;1.000000000000000000e+00
-1.920785839892748953e-02;2.837108428107689220e-02;-1.628652257233970113e-02;-1.894179811794297896e-01;8.265618756064048792e-03;8.739787030433961157e-02;3.765448084461074374e-01;1.757248072118120508e-01;9.410865320076379215e-01;0.000000000000000000e+00;3.133264005568076715e+00;1.000000000000000000e+00
-2.432279508836001497e-02;-2.783175989989364885e-01;-5.624410765212528585e-02;1.883735847298665667e-01;6.027224093055772586e-02;-1.233651411859469464e-02;2.032752594073025387e-01;3.046087439015560672e-01;6.929385465953425971e-01;0.000000000000000000e+00;2.155541598951264515e+00;0.000000000000000000e+00
-1.530624453454563702e-02;-1.077257140509771394e-02;-1.625883489277510710e-02;2.163234449368260648e-01;-1.613115876538069038e-01;1.029040955956618195e-02;1.204570061056026709e-01;4.186214345645069557e-01;4.204132612146647685e-01;0.000000000000000000e+00;1.833398059994427287e+00;0.000000000000000000e+00
-2.084693165580353558e-02;-1.768230138927437411e-02;-1.483559743077777007e-02;1.014334028257474624e-01;-4.032554418788061867e-01;4.716698762271556711e-02;1.715982396244080110e-01;3.455046791021112451e-01;2.782124926730090708e-01;0.000000000000000000e+00;1.497082740253883548e+00;0.000000000000000000e+00
-7.166281601378117483e-02;-4.038479153053553539e-02;-1.281601786479490135e-01;1.862976987846309829e-02;-4.394339615416213429e-01;4.968129953093396861e-02;1.479358874590153972e-01;3.384820590288494246e-01;2.122688599957776590e-01;0.000000000000000000e+00;1.448037589107611156e+00;0.000000000000000000e+00
-2.395504161938814131e-02;8.064920998081030745e-03;-1.341997208822676146e-02;1.448958798819078783e-02;-1.997512661221889918e-01;8.069115007049268429e-02;1.418294573364437816e-01;3.227846690918109163e-01;2.775874089311291537e-01;0.000000000000000000e+00;1.386122588612224149e+00;0.000000000000000000e+00
-1.069941703474957123e-01;2.465781093093900866e-02;-1.820339489570189095e-01;-2.380709109611479565e-02;-2.608025114199843952e-01;1.150534185856941088e-01;1.914440976711778708e-01;2.575166431054284333e-01;3.857224841662495463e-01;0.000000000000000000e+00;1.456916583485897476e+00;0.000000000000000000e+00
-2.014437753765905420e-02;1.243189860873625090e-02;-1.065239618626591216e-02;-1.345663705057667699e-02;-4.507397661825844337e-01;8.069115007049268429e-02;2.559430956745602503e-01;2.422322388547780425e-01;3.629078282846660009e-01;0.000000000000000000e+00;1.472349289458168231e+00;0.000000000000000000e+00
-9.211729032035474718e-02;-1.387756726201397339e-01;-1.924545419922367162e-01;7.245213445200315849e-02;-3.715992610533814799e-01;7.482441861311797671e-02;2.135798375237370483e-01;2.389274561688348175e-01;4.197881513656244179e-01;0.000000000000000000e+00;1.434646820857493843e+00;0.000000000000000000e+00
-4.386998165446444331e-03;-6.599179276618787060e-03;-1.780769991318361181e-02;1.159240404133329433e-01;-5.163133397046419937e-01;7.733873130809318375e-02;2.494550339936377481e-01;2.339704546773894445e-01;2.713368325839338735e-01;0.000000000000000000e+00;1.453416841436627527e+00;0.000000000000000000e+00
-5.014660185323413510e-02;-8.691807843726159777e-02;6.944937121639122371e-03;1.500805327492043539e-01;9.646037608753556258e-02;7.733873130809318375e-02;3.299833608557698472e-01;2.265347799027519482e-01;1.960174137073908140e-01;0.000000000000000000e+00;1.368034530428728912e+00;0.000000000000000000e+00
-2.148489824714227420e-02;8.068100321693668156e-03;-1.100826191891372124e-02;6.210167972632237715e-02;2.863976223596329529e-01;4.297646672667581463e-02;3.089925730645499691e-01;2.331442762596504514e-01;2.210197190961719627e-01;0.000000000000000000e+00;1.368646504696759081e+00;0.000000000000000000e+00
-1.535962810261998039e-02;1.709843915530799910e-02;-1.514229329943333514e-02;-9.108504438395892411e-02;-1.885866356286204984e-02;4.465267650125397114e-02;2.670109815414750121e-01;2.376882920647080399e-01;3.288422916210931302e-01;0.000000000000000000e+00;1.327896072976991748e+00;0.000000000000000000e+00
-5.201107239754852035e-02;1.244624312535010241e-01;-6.142620016027778435e-02;-9.936540233470932126e-02;-1.228719197985529976e-01;4.549078099516464663e-02;3.448677695344506966e-01;2.129028015025667686e-01;3.894728560817273255e-01;0.000000000000000000e+00;1.519141043608742692e+00;0.000000000000000000e+00
-2.575690180607865393e-02;2.761564166496493014e-02;-9.192892339352130848e-03;2.173490678198351442e-02;3.474488570443001190e-01;2.331613208898359560e-04;3.509741805282600713e-01;2.628866992982495376e-01;5.241729330067484982e-01;0.000000000000000000e+00;1.560124017670157848e+00;0.000000000000000000e+00
4.515295300985371768e-02;-4.186003077794152039e-01;9.917463650511169904e-02;3.053373584925779261e-01;5.532141916064843290e-01;-7.016757622396348204e-02;3.120457785614546564e-01;2.686699137149278216e-01;5.682394179329942618e-01;0.000000000000000000e+00;1.707928275792295780e+00;0.000000000000000000e+00
-2.580764914857327022e-02;8.990457427455423797e-03;-1.187470843475443329e-02;2.867065215253374322e-01;3.993143354249458626e-02;-1.187776132680782581e-01;2.910549588889644324e-01;3.599626978900599128e-01;3.232166162656547881e-01;1.000000000000000000e+00;1.803001138799440461e+00;0.000000000000000000e+00
1.057195767468025460e-01;-3.790896168451026726e-01;1.307716553947027294e-01;2.370243543881876414e-01;1.009826852081669307e-01;-1.338634862909022782e-01;2.849485478951550022e-01;3.504617151010505638e-01;3.591575085835092551e-01;1.000000000000000000e+00;2.008821102645814261e+00;0.000000000000000000e+00
-4.455648550227440940e-02;-1.099600720341118755e-02;-6.674748732590602210e-03;3.115476342428835088e-01;1.891678467858942114e-01;-1.799592137870690833e-01;2.792238003409667768e-01;3.070873481697602991e-01;2.769624035107305371e-01;1.000000000000000000e+00;2.358810667328524513e+00;0.000000000000000000e+00
7.108748124925488854e-02;-5.287313711948915529e-01;4.055915541902346821e-01;3.167192155552492339e-01;3.587456193000241322e-01;-2.386246086741982686e-01;1.490808395203546965e-01;4.438198417980481203e-01;1.753904856544858393e-01;1.000000000000000000e+00;3.006268723094798645e+00;1.000000000000000000e+00
-4.124274994313453790e-02;1.866860334453590287e-01;7.092388813825859818e-03;4.668008163648633690e-01;1.410183880166614667e+00;-1.388902171704526345e-01;-5.510243430337255499e-02;5.285033021537510756e-01;8.354517395257166079e-01;1.000000000000000000e+00;5.019704777175745924e+00;1.000000000000000000e+00
-3.183801517206735765e-02;2.220263349457167468e-01;-3.891989053472693499e-03;1.349694586490234771e+00;1.459929310210318798e+00;2.350470589514730175e-04;-3.058471174599129427e-01;2.599951438511514112e-01;2.891892924182597913e+00;1.000000000000000000e+00;6.417682215014191449e+00;1.000000000000000000e+00
-5.317496599290029435e-02;-4.620574908791952318e+00;-4.573808976882381971e-01;3.636109860013475803e+00;-1.262504384628110099e+00;-8.984096929708808646e-03;1.013744558093130493e-01;-3.980565525052481290e-01;3.008778858518112109e+00;1.000000000000000000e+00;1.387882866496120471e+01;1.000000000000000000e+00
-4.591084639607460882e-02;8.007907362508626115e-02;-9.400559456871349084e-02;5.302532444145201751e+00;-1.737347521534609696e+00;-4.573697281673060333e-01;1.050922018912720191e+00;-6.434315770811841473e-01;1.058284969053352231e+00;1.000000000000000000e+00;1.550827084636326170e+01;1.000000000000000000e+00
1.543064195924821824e+01;-4.258568997351555474e+00;1.614726470213836507e+01;6.251669291635697512e+00;-8.374067202178268055e-01;-1.277873606790962180e+00;5.837812909548664164e-01;-8.702177943029590912e-01;-7.156298253172155288e-01;1.000000000000000000e+00;1.810003195210875404e+01;1.000000000000000000e+00
-3.087570363656882977e-01;2.729421428229802937e-01;7.725571736761853436e-02;5.965996645986935576e+00;-1.316772174735460821e+00;-1.484047241484874879e+00;-8.448955633984261970e-02;-4.083836792045024700e-01;-2.545799911241182656e+00;1.000000000000000000e+00;1.923770233338612812e+01;1.000000000000000000e+00
1.847730852117222877e+00;3.582618023280297770e+00;1.305147462087474786e+00;4.294398759190860559e+00;-2.793307930202282297e+00;-1.209149061892991206e+00;-7.981768354010091437e-01;9.880373525486916154e-04;-3.389003234835358924e+00;1.000000000000000000e+00;1.858422312162280221e+01;1.000000000000000000e+00
4.521977825783746741e-01;2.173534357519177618e-01;4.973356308493539352e-02;1.968651710100047136e+00;-4.493698333128337552e+00;-6.006855848246791529e-01;-1.192422282120263022e+00;3.360035927906203645e-01;-4.040626471709479972e+00;1.000000000000000000e+00;1.807517623744849189e+01;1.000000000000000000e+00
-5.697284438054912165e-02;-1.854280075332414568e-01;-8.911155452178135539e-01;3.508757467564155297e-01;-3.243278458218212812e+00;-1.137471059558367303e-01;-9.298464180988358363e-01;8.732371651375353538e-02;-3.767475867622478436e+00;1.000000000000000000e+00;1.142931428666934046e+01;1.000000000000000000e+00
-2.440681466829738855e-01;1.372874694475486046e-01;3.487852050012271721e-02;-5.496137998033266969e-01;-1.839099614719482689e+00;-6.094654722892539622e-02;-1.011519728903577553e+00;2.323180978419117915e-01;-3.305870543310500675e+00;1.000000000000000000e+00;1.128220568631253684e+01;1.000000000000000000e+00
9.742116474779728003e-03;9.748940298449480790e-02;4.269771684233832076e-02;-8.228657773555928534e-01;5.893836901103168824e-01;7.231199728151559147e-02;-1.248906615694270528e+00;6.086424706444452104e-01;-3.005842695895003303e+00;1.000000000000000000e+00;9.359793572892073144e+00;1.000000000000000000e+00
-1.279851064498674917e+00;-1.709081756643609173e+00;-1.126479553801926325e+00;-1.499785435769628972e+00;8.109771044720851529e-01;3.446958201200427396e-01;-1.000833509664410981e+00;9.345702360248591134e-01;-2.875518022413018571e+00;1.000000000000000000e+00;1.016362816640772948e+01;1.000000000000000000e+00
7.911083381428431205e-02;-8.424779986106545326e-02;6.358251167223281930e-02;-2.388889394198392413e+00;9.624746701531747828e-01;4.804687009281632393e-01;-4.653772130695031928e-01;8.639320158156796881e-01;-2.297964376324765912e+00;1.000000000000000000e+00;9.602172123175202856e+00;1.000000000000000000e+00
-5.575336671015896250e+00;-1.209602951979698249e+00;-5.446699629521486230e+00;-2.800837423294589179e+00;9.285572986827983488e-01;2.759712909572079598e-01;-6.502535854456693853e-02;5.722905512489476765e-01;-1.300059141937407681e+00;1.000000000000000000e+00;1.096791187167633730e+01;1.000000000000000000e+00
3.799560054918110080e-02;-3.092524400925226666e-02;1.916451750172630530e-02;-2.331962036522923221e+00;1.747096361772913831e+00;-5.759413240030994419e-02;-2.371499427695243634e-01;8.135350288111279360e-01;-9.819045865650189997e-01;1.000000000000000000e+00;1.116943489655161237e+01;1.000000000000000000e+00
-3.759037217743593118e+00;1.178720842236381072e+00;-3.202512421117190033e+00;-1.880682231859153397e+00;2.965860459156486328e+00;-1.673857620958474346e-01;-3.356158838072419437e-01;8.651711799198065211e-01;-1.255054961509473488e+00;1.000000000000000000e+00;1.185278116599063303e+01;1.000000000000000000e+00
-7.059580370864093624e-02;6.651749212751403850e-02;-2.309613049442485813e-02;-2.443739596189751673e+00;2.398327885379090585e+00;-1.238079160235490001e-01;-5.497220786840365525e-01;7.870972849359905155e-01;-1.244116444991412163e+00;1.000000000000000000e+00;1.152912956618092899e+01;1.000000000000000000e+00
-3.318860041412285078e+00;2.436765065316482293e+00;-3.031431075351571192e+00;-3.002664025064305520e+00;1.622750828981618820e+00;8.823240685611394296e-02;-9.828959592513661914e-01;7.098494993549253618e-01;-4.884212184537036205e-01;1.000000000000000000e+00;1.040261063534543418e+01;1.000000000000000000e+00
-2.660181210576545094e-02;4.613979406323381188e-02;-1.690861835101847496e-02;-2.872248418918038837e+00;6.662811105913027943e-01;4.058738251604088187e-01;-1.100062752076354844e+00;5.652682762506240355e-01;4.475330946230184764e-02;0.000000000000000000e+00;1.026033670908527462e+01;1.000000000000000000e+00
-1.680369390388785300e+00;2.704822670528268524e+00;-1.713453183649106260e+00;-2.819461089614927030e+00;-7.650316598004875956e-01;5.609230817919863554e-01;-6.004816519513477280e-01;4.467115697826159471e-01;-1.240124346620942314e-01;0.000000000000000000e+00;8.307267505274124275e+00;1.000000000000000000e+00
-1.356765376187100275e-02;1.140042228597644425e-01;-3.085095589367221891e-02;-2.602101584099087095e+00;-7.152861660780143183e-01;6.061807165955948040e-01;-4.111827836181742302e-01;1.794427481216121778e-01;7.310670623132341506e-01;0.000000000000000000e+00;7.619244490103688427e+00;1.000000000000000000e+00
-1.350833868622764063e-02;1.285196014410419085e-01;-3.993189083547848961e-02;-1.616738298100806714e+00;-3.715902186681423469e-01;4.712459678178732569e-01;-1.199830925582491131e-01;1.443299928302413937e-01;9.857783356402074482e-01;0.000000000000000000e+00;5.473073860074833874e+00;1.000000000000000000e+00
-2.957591261235736346e-01;5.172113422507950142e-01;-2.191622573939533691e-01;-7.576506481743773280e-01;4.446279353886762459e-02;2.860249808757837631e-01;8.687172332276162090e-02;1.509394546796459513e-01;1.220800215152034074e+00;0.000000000000000000e+00;5.346837724345465226e+00;1.000000000000000000e+00
-5.596366652127529248e-03;5.064913472009002771e-02;-2.507262497186837566e-02;1.707850663893121235e-01;1.109468045446121431e+00;2.286029409540828172e-02;1.986954511619454800e-01;2.587558072095552109e-01;9.629635492228216798e-01;0.000000000000000000e+00;3.785021357874114756e+00;1.000000000000000000e+00
2.819894823109211357e-01;-7.805867900199601195e-01;4.254043616557579011e-01;6.479410248708503683e-01;1.459947352528284004e+00;-1.481129345456063950e-01;-1.081519148814892861e-01;4.657134663456466983e-01;6.688737754443200290e-01;0.000000000000000000e+00;3.323743924971237718e+00;1.000000000000000000e+00
2.589993851320740795e-02;-6.007787524361454801e-02;-1.070836825381890796e-02;5.961887269516372712e-01;2.050049817064713009e-01;-1.011790986217448729e-01;-3.359975344943550990e-01;6.354934417584273687e-01;7.381856779824140513e-02;0.000000000000000000e+00;3.074120031019550670e+00;1.000000000000000000e+00
8.065872437167045592e-03;-2.831466606533441024e-02;-2.849472494687219082e-01;2.670442773629445599e-01;-7.424200292923051059e-01;3.459375071610323177e-02;-2.524159702540479389e-01;6.544953383214582310e-01;-3.637221420056760968e-01;0.000000000000000000e+00;2.900317282589193635e+00;1.000000000000000000e+00
1.035741152609374362e-02;-4.752837842931001422e-02;-8.249422230011561191e-04;-1.262729633476302182e-01;-8.848730022036397358e-01;5.806066474424994434e-02;-1.638729566456517128e-01;6.292972761628552458e-01;-4.727947775857154200e-01;0.000000000000000000e+00;2.683737088207382993e+00;1.000000000000000000e+00
-1.333392907216095769e-01;3.448195845346498922e-01;-9.220470674838483760e-02;-3.094759959602458310e-01;-3.670678798307519530e-01;3.040322982006347929e-02;-3.069920695212521866e-01;6.652357957820386192e-01;-2.865274980106535252e-01;0.000000000000000000e+00;2.137955987798359825e+00;0.000000000000000000e+00
-1.914327087211881856e-02;-1.292181651243798357e-03;-1.390112290527791049e-03;-3.301769151279311254e-01;5.802974000439253127e-02;5.387014227469656691e-02;-3.921002173812495051e-01;6.387982244443706215e-01;-1.056436953185785690e-02;0.000000000000000000e+00;2.218271496523051223e+00;0.000000000000000000e+00
-2.043040801352476871e-02;1.297238362283184218e-02;-4.517654592614245290e-03;-3.022306888260415381e-01;-1.319074914093253670e-01;7.733705236905923097e-02;-3.905736146327971059e-01;6.429291165330646152e-01;1.291360901494386371e-01;0.000000000000000000e+00;2.080603660855171899e+00;0.000000000000000000e+00
-1.899891422970697019e-01;2.765584468029385623e-01;-2.046811793349606889e-01;-2.815297793746800448e-01;-1.771306569075365989e-01;1.234327719976579252e-01;-3.791240940194044451e-01;6.346673323556760726e-01;2.591481825997425381e-01;0.000000000000000000e+00;1.978800707314076091e+00;0.000000000000000000e+00
-1.304963543460592804e-02;9.002821463723090570e-03;-1.127442384754483683e-02;-1.842355078681778280e-01;-2.720992736757084640e-01;1.561188354588220473e-01;-3.092819736439307299e-01;5.879883552759123111e-01;2.669614552480574776e-01;0.000000000000000000e+00;1.764367416231992891e+00;0.000000000000000000e+00
-1.695663026975055276e-01;1.786147682227259489e-02;-1.745942005913188877e-01;-9.212008548418132436e-02;-1.794008580983426637e-01;1.552824028231340192e-01;-2.249371207819055030e-01;5.301558660341915141e-01;2.391463382887176747e-01;0.000000000000000000e+00;1.849307666231113423e+00;0.000000000000000000e+00
-6.639885843837598205e-04;-1.028966747420073657e-02;-1.500834724413822527e-02;-3.829772576880314389e-02;-1.228719197985529976e-01;1.611491303467246783e-01;-2.008930956125105916e-01;4.995870575328906771e-01;2.007053720749476522e-01;0.000000000000000000e+00;1.799107172027783363e+00;0.000000000000000000e+00
-1.602709712881755511e-01;2.792257226846105445e-01;-2.734176983503007197e-01;-1.438723542544233791e-01;-3.987331454939286868e-01;1.603110376541661830e-01;-1.131133770020864709e-01;4.450593509771137435e-01;4.100301586830556316e-02;0.000000000000000000e+00;1.762411248729697233e+00;0.000000000000000000e+00
-3.194765145065777984e-03;-1.444965813729140805e-03;-1.359497931222208508e-02;-3.457062044016320224e-01;-4.982240692601061505e-01;1.167296275735154459e-01;-1.235752546543625839e-02;3.876397438992995603e-01;3.193965405771184707e-02;0.000000000000000000e+00;1.688381396660925349e+00;0.000000000000000000e+00
-1.414766600431480170e-01;4.676481599414991086e-01;-1.902619110046975814e-01;-4.305799244075230736e-01;-4.439563003790116813e-01;8.991029163594199680e-02;-6.388040329510064064e-02;3.595496776961781271e-01;1.188227174980476253e-01;0.000000000000000000e+00;1.553376637776053393e+00;0.000000000000000000e+00
5.888776244301327295e-04;-4.961474358078092790e-03;-1.731586503846165026e-02;-4.098790149561615248e-01;-2.788918030907766021e-01;1.066723815141554788e-01;-4.441620677507577414e-02;3.186537770031166450e-01;1.844537691435983173e-01;0.000000000000000000e+00;1.632223238884477068e+00;0.000000000000000000e+00
-3.443462323209224140e-04;-1.518266885904404843e-03;-1.480379069203720255e-02;-3.612318889192341342e-01;-7.990991735116001471e-02;9.326270961158468487e-02;3.229563361993845194e-02;2.699093193715116357e-01;1.197602256286454669e-01;0.000000000000000000e+00;1.609106730499490823e+00;0.000000000000000000e+00
-7.653060655471334572e-02;4.407945329370455134e-01;2.173939609092057773e-02;-3.674421549532159714e-01;3.203149726037529121e-01;4.716698762271556711e-02;6.725021642726322982e-03;2.851934820697050177e-01;1.566387566128999986e-01;0.000000000000000000e+00;1.697396846330806897e+00;0.000000000000000000e+00
-1.525945153042646343e-02;1.915263546706511347e-02;-8.466937960943414151e-03;-2.804983333142326840e-01;6.843613386505994489e-01;3.962405032454674458e-02;-8.601616227642198964e-02;3.178275985853779573e-01;4.251011151535801225e-01;0.000000000000000000e+00;1.506454788888695440e+00;0.000000000000000000e+00
-7.152177794503457309e-02;1.186668552209551968e-02;6.428854852289220267e-02;-4.140286364395593527e-02;7.499349121726569534e-01;6.392906412606326472e-02;-8.372625496561643399e-02;3.744208892154776702e-01;4.794812338028209830e-01;0.000000000000000000e+00;1.460401730374744744e+00;0.000000000000000000e+00
-6.245537202197667254e-03;-5.954306470581437020e-03;-1.379156612852699970e-02;-4.657808954934776480e-02;1.846455291747602645e-01;5.051940009106058865e-02;-5.281252794900509473e-02;4.041633122540767564e-01;3.957234324289226057e-01;1.000000000000000000e+00;1.504173463244729225e+00;0.000000000000000000e+00
-3.053506067715377678e-02;1.313889410011892522e-01;-8.975121011657464024e-03;-9.419017740094985658e-02;-9.799917930519323750e-02;3.124301089273767706e-02;-2.075384695817827918e-02;4.074680259250320624e-01;2.669614552480574776e-01;1.000000000000000000e+00;1.610224522624033705e+00;0.000000000000000000e+00
-2.310090453016059447e-02;2.784879206320285683e-02;-3.085213788707447287e-03;-1.355919963036729958e-01;2.615248861115244683e-01;1.196661776063071871e-02;-4.327125375729840018e-02;4.016848115083540560e-01;3.275920197086916730e-01;1.000000000000000000e+00;2.118259347324994657e+00;0.000000000000000000e+00
-1.440568658335289465e-01;-2.037440908639925885e-01;8.919499464684056689e-02;-1.014354981380073406e-01;4.130224305663576789e-01;2.705248999669792806e-02;-1.944050339315880616e-01;5.020657308160825227e-01;6.838751325704284234e-01;1.000000000000000000e+00;2.808693094031883053e+00;1.000000000000000000e+00
-2.459103104153915684e-02;1.684402484922570553e-01;-8.045454736907342932e-03;4.015965597498865614e-01;9.647449031833654765e-01;1.862922572964768042e-01;-5.085037725945525944e-01;5.764217884125805158e-01;2.085880555961393767e+00;1.000000000000000000e+00;5.085887721031158826e+00;1.000000000000000000e+00
-2.598954871387002333e-02;1.682311196502004613e-01;-8.637463060020856079e-03;1.881711502933486102e+00;-5.291717097337146625e-03;3.748656779493451663e-01;-2.566141278122919256e-01;3.636805697848724539e-01;2.998152983156522122e+00;1.000000000000000000e+00;6.817039763199587377e+00;1.000000000000000000e+00
-2.922786492962438087e-01;-4.437552552690641861e+00;-9.107689273145833653e-01;3.536751510994585956e+00;-2.510648061929987129e+00;3.757027242553455104e-01;-2.073811732340682668e-01;1.503303594661529498e-02;2.537484827582057179e+00;1.000000000000000000e+00;1.143223191153983542e+01;1.000000000000000000e+00
-3.966628704387650806e-02;1.169380320376090382e-01;-2.294541698488935522e-01;4.828488070319601810e+00;-4.041451713635441756e+00;-4.586360880900516163e-02;8.917735548614807994e-01;-6.351697929037956047e-01;6.476218419710162433e-01;1.000000000000000000e+00;1.313387657382094709e+01;1.000000000000000000e+00
5.110371086987037792e+00;-5.573765094945453136e+00;5.066851246026685018e+00;5.039637193205574128e+00;-3.677405496172390542e+00;-9.786734534258781926e-01;1.205108992150219160e+00;-8.665000949456156398e-01;-1.408506727714875506e+00;1.000000000000000000e+00;1.743473423854242199e+01;1.000000000000000000e+00
-1.340312999374205227e-01;2.405854599037266228e-01;3.051685679215364044e-01;4.653565191614938534e+00;-2.273226440411095783e+00;-1.657537660777278266e+00;3.322732649784483905e-01;-7.153093064694282521e-01;-2.257023049036316120e+00;1.000000000000000000e+00;1.822240413719427110e+01;1.000000000000000000e+00
9.351249719039516961e+00;1.830098897643946732e+00;8.694060493366174924e+00;3.696148384542964127e+00;-1.995104193880820276e+00;-1.621499163605335303e+00;-5.283496402057035191e-01;1.668539278209325849e-02;-2.996466674731247615e+00;1.000000000000000000e+00;1.762809440936175065e+01;1.000000000000000000e+00
5.106481103220951168e-01;1.984806175308249654e-01;9.186894318254618108e-02;2.045251028261625859e+00;-2.289054647568218748e+00;-1.202447231352722357e+00;-9.103822649373385367e-01;2.851934820697050177e-01;-3.275867776843963242e+00;1.000000000000000000e+00;1.694063449265878063e+01;1.000000000000000000e+00
-1.004442666470349410e+00;7.845571322315920693e-01;-1.145029965334950273e+00;4.668067433223303531e-01;-2.571699445198448952e+00;-7.817189563636306460e-01;-1.148532484983528112e+00;3.141097266905650831e-01;-3.040845975653617916e+00;1.000000000000000000e+00;1.351453619873976386e+01;1.000000000000000000e+00
-1.119013065552698499e-01;1.320663135597089644e-01;7.977742351439751078e-02;-3.177576364657268004e-01;-1.873001766963998893e+00;-4.674299481674102918e-01;-1.330579958380282646e+00;3.905312993463976312e-01;-2.648621918259705499e+00;1.000000000000000000e+00;1.259460784540488909e+01;1.000000000000000000e+00
-1.552853840775923366e+00;-2.007223203995408267e-01;-1.201869848563447807e+00;-5.465027301125449100e-01;-7.546656609770192349e-03;-1.766078343304164355e-01;-1.432480787483288109e+00;6.792806908536239696e-01;-2.572364912931083492e+00;1.000000000000000000e+00;8.738039124003812219e+00;1.000000000000000000e+00
-1.251514069744121861e-02;8.124835819806947024e-02;7.667399477189916490e-02;-9.605208219765388744e-01;1.084592507332164280e+00;6.141371133858435083e-02;-1.444693545708366500e+00;9.523329684837630316e-01;-2.375159072534109406e+00;1.000000000000000000e+00;9.755704640324330157e+00;1.000000000000000000e+00
2.261981483026173634e-02;6.169021910942534825e-02;7.673053221387154954e-02;-1.681947558622497452e+00;7.341130304399503537e-01;3.069782029600788831e-01;-1.424084408604259666e+00;1.129135563969805522e+00;-2.152950900641193321e+00;1.000000000000000000e+00;9.466334352127020679e+00;1.000000000000000000e+00
-4.277681648583886442e+00;-5.079456599337017764e-01;-4.089379375472258715e+00;-2.262607889467016520e+00;8.471709070395296859e-01;6.262958381197631930e-01;-1.220664496729172210e+00;1.043625994211351715e+00;-2.039815390435476772e+00;1.000000000000000000e+00;1.186420321081570250e+01;1.000000000000000000e+00
1.312013332421451683e-01;6.756805960688427523e-03;1.106645773554523621e-01;-2.765639943468380935e+00;1.747111644677543207e+00;9.246608963357371147e-01;-9.897656716194017656e-01;8.759116373803874644e-01;-1.969808857025407978e+00;1.000000000000000000e+00;1.177740783003509506e+01;1.000000000000000000e+00
-5.221346276760041150e+00;2.431854776626295678e+00;-4.779509178420722648e+00;-3.371141513342654328e+00;2.427720094919971316e+00;1.065462356901913266e+00;-6.832999466986989789e-01;3.153491323471488972e-01;-1.443197447327537963e+00;1.000000000000000000e+00;1.309143397238513273e+01;1.000000000000000000e+00
-4.992713607336188297e-02;1.334422541674979701e-01;-3.895488296775104914e-02;-4.180547034997228906e+00;1.003190790331753401e+00;1.091443584411791790e+00;-5.516303321196019960e-01;7.184271963108452251e-03;-7.931370503439186814e-01;1.000000000000000000e+00;1.305921654591088021e+01;1.000000000000000000e+00
-2.121327548549366337e+00;4.445652483016543144e+00;-1.959499090426450651e+00;-4.447588824246103023e+00;-9.799296425731059135e-02;1.055405087239848827e+00;-2.646288241229371452e-01;-3.555082949767089384e-01;1.857038583058768511e-01;1.000000000000000000e+00;1.140998170049992844e+01;1.000000000000000000e+00
-1.352613320892006449e-02;1.874801578320881568e-01;-4.835549286760245508e-02;-3.712706436701368240e+00;-6.633675159250120024e-02;1.074681494533578308e+00;-3.144007353003695077e-02;-3.906209467455984963e-01;1.871798185534152781e+00;0.000000000000000000e+00;1.046029178669999027e+01;1.000000000000000000e+00
-1.351444461902835126e-01;6.073781963006952278e-01;-1.441742879942408372e-02;-1.774069869880008810e+00;-1.952323553252120480e-01;7.302224160837167410e-01;9.631422652328988088e-01;-4.249072475592796660e-01;2.175263902154928264e+00;0.000000000000000000e+00;7.464112746157156586e+00;1.000000000000000000e+00
-2.531095354283728355e-03;6.140814245337441329e-02;-4.102537945714923584e-02;-4.440365469386706176e-01;7.205364408861293368e-01;1.150540401235745358e-01;8.795607328738620501e-01;1.302849942361744839e-01;1.428944511942279449e+00;0.000000000000000000e+00;6.705841313820958938e+00;1.000000000000000000e+00
5.636005645607187559e-05;1.682252217197360974e-03;-2.476469345357733276e-02;2.183924972069569426e-01;1.491591158446210263e+00;-1.732537484303351416e-01;5.047795349599163428e-01;2.905637798149831030e-01;1.056722455502355329e+00;0.000000000000000000e+00;4.454493884877820165e+00;1.000000000000000000e+00
1.946216711738164296e-01;-4.775601576541035342e-01;2.269164159647608092e-01;3.674390277673774685e-01;6.323513217609149084e-01;-1.900158225734124018e-01;1.326698440338567042e-01;5.103275149934710653e-01;5.679269674371157928e-01;0.000000000000000000e+00;3.573272480485390812e+00;1.000000000000000000e+00
-6.180949675386069805e-03;-7.644715274907445957e-02;-4.250634384743522294e-03;2.836003682943563087e-01;2.615214899104957302e-01;-6.765263727056698706e-02;2.580756875088890609e-02;6.078163612416938033e-01;9.194523920510763726e-02;0.000000000000000000e+00;2.756524804481796931e+00;1.000000000000000000e+00
-1.368836960193531016e-01;-7.617125811115638134e-02;1.054359538513820888e-01;9.625714213187984425e-02;6.346124911796101609e-01;3.711036939529049200e-02;-1.810472535063759048e-01;7.090233899521739547e-01;-1.330756920440462066e-01;0.000000000000000000e+00;2.610628785995465773e+00;1.000000000000000000e+00
-3.158361940320811995e-02;-3.747888974884675678e-02;1.248347079795622278e-03;-1.304178013002274816e-01;7.341034149457876801e-01;1.502544131326866150e-01;-3.417223107416865746e-01;6.516036103368904042e-01;-4.087966481575518868e-02;0.000000000000000000e+00;2.284197111695020599e+00;0.000000000000000000e+00
-3.282090858939317735e-01;4.599153383999025624e-01;-2.765653352853777447e-01;-3.829688791174558071e-01;2.366487536623872179e-01;2.675889714720680046e-01;-3.047021685867006835e-01;5.863357913954712064e-01;1.050714495342178201e-01;0.000000000000000000e+00;2.041109222106654908e+00;0.000000000000000000e+00
8.689765927356062937e-04;-1.065246362418714732e-02;-1.853716914943066840e-02;-4.430015155547719075e-01;-1.115695113586186865e-01;3.111703815527187000e-01;-1.562399333390088463e-01;4.467115697826159471e-01;3.044649133312294365e-01;0.000000000000000000e+00;2.007298779038121150e+00;0.000000000000000000e+00
-1.951080333248835230e-01;1.625249402823900624e-01;-1.700216430132913403e-01;-2.722190052937962790e-01;-5.730173610964727632e-02;2.835129607901548110e-01;1.321308969990290724e-02;3.657459468142318371e-01;3.216540505003372963e-01;0.000000000000000000e+00;1.831946354461399862e+00;0.000000000000000000e+00
1.005819992230598363e-02;-1.147838124704069970e-02;-2.412494845656689910e-02;-1.759597943201639259e-01;6.027846022369164752e-02;2.139503310671934666e-01;9.183318225523176559e-02;2.955207813064285038e-01;3.391556642724841697e-01;0.000000000000000000e+00;1.707120386362259046e+00;0.000000000000000000e+00
4.936672668912433712e-03;-1.017839114776819542e-02;-2.204402319323377213e-02;-1.428383430845149293e-01;6.253962115188427262e-02;1.351685479774307197e-01;1.406845052751045377e-01;2.637128087010008892e-01;2.753997855310920673e-01;0.000000000000000000e+00;1.435379080666990603e+00;0.000000000000000000e+00
-8.054887340118835337e-02;1.909164767697730247e-01;-2.977596114609253053e-02;-1.635392525358764781e-01;1.982090858071333395e-01;7.901556655433582266e-02;1.181671019829241415e-01;2.385145049899409786e-01;2.716494397227748325e-01;0.000000000000000000e+00;1.381076019557128554e+00;0.000000000000000000e+00
-6.609995389189029548e-03;1.137071103856706310e-02;-1.838826451310272836e-02;-2.070111633553681219e-01;2.705661251327635686e-01;8.236798452997851072e-02;3.878370167711503447e-02;2.517333596737625356e-01;4.307266338660558080e-01;0.000000000000000000e+00;1.267342300228411434e+00;0.000000000000000000e+00
-1.008978986844031034e-01;1.602020911253865809e-01;-1.157756635637996190e-01;-1.625042017193303601e-01;2.862225477580943728e-02;1.083492120398572428e-01;9.946620237374761975e-02;2.095981568465990486e-01;4.919823864972115990e-01;0.000000000000000000e+00;1.258762405791228778e+00;0.000000000000000000e+00
-1.455515315993285465e-03;-3.617503615501998972e-03;-1.988384333503906767e-02;-1.355930262339869186e-01;-1.409645652178611319e-01;9.745386148658659320e-02;1.643468670048782165e-01;1.914221971488502538e-01;4.041617104976362174e-01;0.000000000000000000e+00;1.400581277429893801e+00;0.000000000000000000e+00
-7.204902306184039762e-02;1.121257724921331939e-01;1.564261957362804868e-03;-1.055767080153288406e-01;5.575614473518335223e-02;7.063452948279717869e-02;1.525156957043724837e-01;2.186860504267390259e-01;3.819721905722532895e-01;0.000000000000000000e+00;1.753881396554151095e+00;0.000000000000000000e+00
-1.405206021293895456e-02;5.596496379993912140e-02;-1.604345925403731152e-02;-4.554407837943930115e-02;5.147711487764580207e-01;8.152987924931102970e-02;1.040460201834857851e-01;2.744531626390998014e-01;8.020111560682215979e-01;0.000000000000000000e+00;1.878647434921038029e+00;0.000000000000000000e+00
1.217234432111205661e-01;-8.983065456399391691e-01;6.741611807193877148e-02;4.812940734733227588e-01;5.147711487764580207e-01;2.370070221326057644e-02;1.902991456098386269e-01;1.905960187311115939e-01;1.002029781928594376e+00;0.000000000000000000e+00;1.944015668336250391e+00;0.000000000000000000e+00
1.724982331557211451e-02;-1.976334532264845123e-02;-3.096381280193776300e-02;7.607562976269233168e-01;-6.634636708666387384e-02;-1.321866478976324033e-01;2.406770522494015296e-01;3.099788346018708118e-01;4.882319884745735528e-01;0.000000000000000000e+00;2.211695891790503854e+00;0.000000000000000000e+00
9.811053773799776126e-03;-4.680243287115430639e-02;-1.809673566472376829e-02;7.234946722740609459e-01;-7.765215050137053154e-02;-2.528736163450883700e-01;2.536531915518817071e-01;3.599626978900599128e-01;1.272609172452799919e-01;0.000000000000000000e+00;2.269810335506442289e+00;0.000000000000000000e+00
3.010757555393804297e-01;-6.819677041466235545e-01;2.872430313571104343e-01;5.775532067163654526e-01;4.897267256373371430e-02;-3.467412881928114698e-01;8.649007263564852110e-02;4.281227279209605663e-01;-6.813971509219844506e-03;0.000000000000000000e+00;2.224597766612163685e+00;0.000000000000000000e+00
-6.004167458293242776e-02;-4.881247191051932277e-02;2.275659647398523434e-03;3.167218195300052774e-01;-6.860751952435392709e-02;-3.224362696707540610e-01;-1.272344651777788938e-01;4.938039466386939247e-01;-7.963321206120563267e-02;0.000000000000000000e+00;1.899458762851357507e+00;0.000000000000000000e+00
1.134377862004795623e-01;-7.147575039389388041e-02;1.865569654721296877e-01;1.076426379577830189e-01;1.145462418405400057e-01;-2.084541135718791516e-01;-1.921151298089095460e-01;5.545278187900436473e-01;-8.838407116159992249e-02;0.000000000000000000e+00;2.066986321787224856e+00;0.000000000000000000e+00
-3.958390499437541843e-02;4.674492532412102830e-02;2.586240932548210594e-03;-6.106975901051191202e-02;3.384008256210034316e-01;-1.129102484714709503e-01;-2.928709749693056974e-01;5.644418217729344489e-01;8.069425399447706371e-02;0.000000000000000000e+00;2.137744535960097281e+00;0.000000000000000000e+00
-7.543525482454276065e-02;-6.004129312462245238e-01;4.382441269649423043e-02;7.452118186397214961e-02;6.300901523422197670e-01;3.627226490137981652e-02;-3.760708885224997022e-01;4.904991639527507274e-01;7.441932726423441391e-01;1.000000000000000000e+00;2.144001670672718518e+00;0.000000000000000000e+00
-5.202250927311558547e-03;-1.384680070915213744e-02;-2.078446435044326371e-02;7.307399891245890400e-01;2.321264360512532987e-01;9.158713002921187174e-02;-1.627280077724394813e-01;3.632674115610152188e-01;6.738742626292365534e-01;1.000000000000000000e+00;2.183957350178705070e+00;0.000000000000000000e+00
7.878328278546618824e-02;-8.582816874258746287e-01;4.986632389747066435e-02;8.725411834018341750e-01;-3.761249536392877180e-01;-1.820449966632560826e-02;5.580069581387059156e-03;4.818239799990484684e-01;6.131725846088812576e-02;1.000000000000000000e+00;3.029533405603735741e+00;1.000000000000000000e+00
-3.007635742553206246e-02;9.729864356775611012e-02;2.172087140748705288e-03;6.644970769369672459e-01;-9.817424541622925271e-03;-6.043141294804405851e-04;-1.734142333878600506e-01;7.404179627812873532e-01;4.100301586830556316e-02;1.000000000000000000e+00;3.805559007477466338e+00;1.000000000000000000e+00
-2.811208245117901017e-01;-2.219803002858979024e+00;-5.710122649615025914e-01;8.290692822986661659e-01;2.931777131884333309e-01;2.323886063305239946e-01;-4.684304185664079356e-01;6.673014143638550388e-01;1.148293320667285178e+00;1.000000000000000000e+00;4.816775008266106717e+00;1.000000000000000000e+00
-1.736315954649324603e-02;2.252699515466737024e-01;-2.156455843834583636e-02;1.960373985273023978e+00;-1.486353300998106697e+00;3.572661090488855051e-01;-7.456663209864822228e-02;1.199576949994509978e-01;1.932741174383504790e+00;1.000000000000000000e+00;8.131051492189275365e+00;1.000000000000000000e+00
-2.500162317625183317e-02;1.670953946042325611e-01;-4.557523350576765664e-02;3.318353427636690611e+00;-3.376681022365530360e+00;-9.823458661002920991e-03;3.647136052643313309e-01;-1.605300503603622198e-01;1.670841712150096248e+00;1.000000000000000000e+00;9.666237524640502343e+00;1.000000000000000000e+00
3.316852577099230537e+00;-5.754159916710243294e+00;2.423144043092504862e+00;4.606985524371052243e+00;-3.889963954484823017e+00;-5.763817779081101822e-01;6.761408209987745943e-01;-2.435610503581053798e-01;6.926259916708223940e-01;1.000000000000000000e+00;1.644812723812906796e+01;1.000000000000000000e+00
-1.272212701974490823e-01;2.778029753680842928e-01;3.999516821014734713e-01;5.541640482851837746e+00;-2.784233068790858745e+00;-1.111934951421386319e+00;5.101226445794995179e-01;-9.443563891127768062e-02;-1.166296719343082655e+00;1.000000000000000000e+00;1.739777757486398357e+01;1.000000000000000000e+00
1.383402353366627757e+01;3.041966977836436659e+00;1.397966229522141646e+01;5.680336631559005589e+00;-3.557496790560338851e-01;-1.374261386584327616e+00;3.139540319970200999e-01;-2.704117799196308902e-01;-3.600273080870806108e+00;1.000000000000000000e+00;1.848755468431203397e+01;1.000000000000000000e+00
4.474315526280676636e-01;2.778383011860003360e-01;5.819306298683992601e-02;3.962161020783787624e+00;1.123047394413278388e+00;-1.281231878237276023e+00;-2.379132441437505352e-01;-1.043499869691073001e-01;-4.916332426808825318e+00;1.000000000000000000e+00;1.816056194258043277e+01;1.000000000000000000e+00
-2.340044179015444481e+00;-3.175553979898550483e-01;-2.034066935700769907e+00;3.777988053056642315e-01;-9.097332786392239301e-01;-9.200090891901709922e-01;-9.584702196323174883e-01;1.129352474636583087e-01;-4.763506070084344124e+00;1.000000000000000000e+00;1.553902435178951258e+01;1.000000000000000000e+00
-1.643999596091798021e-01;1.425775106803195691e-01;1.959638181751992281e-02;-1.463546949020436472e+00;-1.839016735117132706e-01;-4.397754541401820982e-01;-1.318367104511393384e+00;-4.486493384694580783e-02;-3.399629110196949355e+00;1.000000000000000000e+00;1.565728982813736003e+01;1.000000000000000000e+00
-1.134746718894649592e-01;1.034594662121306602e-01;3.922441061801928974e-02;-1.887915549049891561e+00;3.700819048452203552e-01;-9.531467629560945454e-02;-1.393170639185558723e+00;8.154050209707552899e-02;-2.366408291755196291e+00;1.000000000000000000e+00;1.016035833206549555e+01;1.000000000000000000e+00
-2.474228522582615053e+00;-1.149642674941653953e+00;-2.158784445648422423e+00;-1.846513710714521084e+00;9.421547960992027182e-01;1.133732286084108143e-01;-1.113420526125312948e+00;4.818239799990484684e-01;-2.443290406932859149e+00;1.000000000000000000e+00;1.184679866032551843e+01;1.000000000000000000e+00
-5.087485917082484876e-02;3.521881745481297843e-02;2.578519668755679126e-04;-2.319529514511493140e+00;2.529487471009473243e+00;2.122694959493254541e-01;-8.657290389012962661e-01;9.461368028881909087e-01;-2.509546568427449831e+00;1.000000000000000000e+00;1.115026331156685124e+01;1.000000000000000000e+00
-6.431750800093437803e+00;-2.770508151685042719e-01;-5.864319915805412009e+00;-3.172406840105998160e+00;2.846049491526285280e+00;4.050334351379631381e-01;-1.078690313598021921e+00;8.986315438682056511e-01;-1.553207682413236812e+00;1.000000000000000000e+00;1.352728304414791438e+01;1.000000000000000000e+00
-4.762702925128644432e-02;-7.039692226018494890e-03;-8.175004820144468609e-02;-3.787223935343452919e+00;1.064257286694793470e+00;7.025603927938105508e-01;-1.019916044020065415e+00;7.391791437520993657e-01;-1.105353558186471519e+00;1.000000000000000000e+00;1.373240965626201593e+01;1.000000000000000000e+00
-4.872911068866158324e+00;4.086311198021471469e+00;-5.051719659699407394e+00;-4.431021812166833662e+00;-7.876307455911203403e-01;7.670943562154672879e-01;-2.734067899265381629e-01;3.174144058540268043e-01;-8.512674364799953652e-01;1.000000000000000000e+00;1.396700607801797389e+01;1.000000000000000000e+00
-2.718441795983919662e-02;1.730195342685795501e-01;-4.837361209599397999e-02;-4.711519155151246530e+00;-1.382315246127028940e+00;8.400094039140713065e-01;-3.543167802282914391e-01;1.311112071614070895e-01;1.350042772632543096e-02;0.000000000000000000e+00;1.337925941081899062e+01;1.000000000000000000e+00
-1.165596915875051875e+00;3.552484217453345750e+00;-1.382394077887336259e+00;-3.945585923252789229e+00;-1.816457566985836269e+00;8.584477578530828046e-01;1.506074422688070125e-01;-1.365709107534290589e-01;1.122666009858105385e+00;0.000000000000000000e+00;1.056070582873399211e+01;1.000000000000000000e+00
-3.518361835504058965e-03;1.222289564158264424e-01;-2.592650382741516768e-02;-2.654884249566815235e+00;-7.130125368467948865e-01;5.877400810618322868e-01;6.799573278699054812e-01;-2.398431784632928387e-01;9.154592211984580175e-01;0.000000000000000000e+00;9.618467393282678302e+00;1.000000000000000000e+00
-1.395653964947203007e-01;4.482986198076421291e-01;-1.504891796755860461e-02;-1.657100392635276087e+00;1.084607705331767979e+00;3.120038874530710604e-01;3.334182489210580358e-01;-1.312006130081509736e-01;1.494575563587830169e+00;0.000000000000000000e+00;6.318620403985135248e+00;1.000000000000000000e+00
1.280712415006453157e-02;4.377561369927582963e-02;-3.519070182209244058e-02;-3.167166684080373606e-01;6.188092673263052568e-01;1.452211836418801916e-01;4.208163200324960274e-01;-6.014933809759651084e-02;1.247990300583815104e+00;0.000000000000000000e+00;5.349319184559418794e+00;1.000000000000000000e+00
5.626704715532725685e-03;1.661341567533331648e-02;-2.243924715958256835e-02;-1.107426247109679074e-01;9.195954157053418121e-02;2.291803392954504573e-04;4.307392378974364000e-01;1.558965596935731890e-01;8.054490252734999300e-01;0.000000000000000000e+00;3.246041069467227924e+00;1.000000000000000000e+00
1.154584531106473966e-01;-1.281320036823450081e-01;1.201237682192750206e-01;7.556088679957848053e-02;1.891768891711333167e-01;-1.271603339991917159e-01;1.838110520476457788e-01;2.884981612331666834e-01;6.376209198155039504e-01;0.000000000000000000e+00;2.575450314757875780e+00;1.000000000000000000e+00
-1.211179818308449722e-02;-2.221637011866592695e-02;-1.055755633029185556e-02;2.484134792609989373e-01;1.236033156490757429e-01;-1.464367176902169332e-01;4.069195511268048487e-02;3.773125136775636879e-01;5.297984256120639168e-01;0.000000000000000000e+00;1.851460560307061742e+00;0.000000000000000000e+00
1.082042193597632374e-01;-3.707765687442525770e-01;8.831484972186651183e-02;3.001657480312409643e-01;-1.658846024943035416e-02;-1.548177547617555772e-01;-4.975931958278605877e-02;4.768669785076025125e-01;3.535319898710333475e-01;0.000000000000000000e+00;1.619897182044819806e+00;0.000000000000000000e+00
-2.437947393842072180e-02;-2.905827453244617248e-02;-5.048970312357309136e-03;2.618690524291850674e-01;-3.021515906531087401e-03;-9.866478907379690189e-02;-1.070069628201500145e-01;5.074357870089039046e-01;2.353959924804004122e-01;0.000000000000000000e+00;1.539224289369217624e+00;0.000000000000000000e+00
2.022348577437114645e-02;-1.919094119751936500e-01;-4.840743919681720492e-02;1.645747906390065407e-01;-1.454744442427272078e-01;-5.843579696878886676e-02;-1.432638099771638140e-01;5.078488417102793306e-01;2.319582277037638141e-01;0.000000000000000000e+00;1.366640185558695597e+00;0.000000000000000000e+00
-3.650173114709905683e-03;-3.063292286600744624e-02;-1.447011079655865541e-02;1.117874807685421412e-01;-2.901885228939877770e-01;-1.653059587595950147e-02;-5.586573503997332990e-02;4.690182490315898955e-01;1.635143905948149012e-01;0.000000000000000000e+00;1.239218433164572142e+00;0.000000000000000000e+00
2.175117850032227615e-02;-3.735542601523308970e-02;-7.145119814582999267e-03;3.726421063017000546e-02;-1.296463432168866170e-01;-2.323542868021764851e-02;-7.777714031952156007e-03;4.210997627727605108e-01;1.447626615532288386e-01;0.000000000000000000e+00;1.042552534711649992e+00;0.000000000000000000e+00
-1.291410273386030391e-03;-1.233821165509246115e-02;-1.560828443260788879e-02;4.142757451256255836e-03;-4.824466866898845935e-02;-2.658784350883310402e-02;-2.342540431847153076e-02;4.161429683262778956e-01;1.988300686349870339e-01;0.000000000000000000e+00;9.659184939127448688e-01;0.000000000000000000e+00
1.748157825011532364e-03;-1.607903914320131522e-02;-1.667347708633246800e-02;3.312402873989769153e-02;-1.658846024943035416e-02;1.615546129115013468e-02;1.855620250761317799e-02;3.653328921128561890e-01;2.547727791567058753e-01;0.000000000000000000e+00;8.326162649424831974e-01;0.000000000000000000e+00
7.990080951626975236e-03;-2.179104727096952202e-02;-4.235543980890566634e-02;8.282939341528568894e-03;-1.296463432168866170e-01;-6.473347456329089922e-03;3.763875280390280298e-02;3.550056273836266207e-01;2.028929954749847386e-01;0.000000000000000000e+00;7.614428766618172029e-01;0.000000000000000000e+00
-5.656999840560754909e-03;-7.808205394759975063e-03;-1.249927006331226324e-02;-3.208383165954554334e-02;-5.276697991224547912e-02;-9.825763858458163441e-03;5.328643416366648372e-02;3.145228849144223182e-01;2.238325045595703777e-01;0.000000000000000000e+00;7.446907111838690918e-01;0.000000000000000000e+00
-1.295364611761474181e-03;1.764846214024346632e-02;-1.300873372114568112e-02;-2.794365074090560119e-02;7.159668646991743102e-02;-8.149555657393626681e-03;-2.052950537128789797e-03;3.240239712259131988e-01;2.628984761937390169e-01;0.000000000000000000e+00;7.957759058010877018e-01;0.000000000000000000e+00
-6.729943653262691720e-03;-6.215187635882760131e-03;-1.146290469325378196e-02;-6.003005796143508210e-02;-7.085623974365305722e-02;-3.959035312083647624e-03;6.015615609608317843e-02;2.678437007896952160e-01;2.422716264623153148e-01;0.000000000000000000e+00;8.206436694282652766e-01;0.000000000000000000e+00
-2.212112058612895806e-03;1.174749844699149864e-01;-4.609688336645523937e-02;-1.159225134801112889e-01;-1.477356051709198537e-01;-8.987659364547489690e-03;-1.006761942988150180e-02;3.248502186586397777e-01;2.797751889741287301e-01;0.000000000000000000e+00;8.544673737643510014e-01;0.000000000000000000e+00
-3.444547519154638176e-03;-9.813652077796500978e-03;-1.270097930809464988e-02;-1.335182704818345112e-01;-1.025124524084624483e-01;-1.401628318098429096e-02;5.252313278944029801e-02;3.149359051083041039e-01;2.447718570011933326e-01;0.000000000000000000e+00;9.029665269853134335e-01;0.000000000000000000e+00
2.856450352227714318e-02;7.543832092558869218e-02;5.589641672955289464e-02;-1.335182704818345112e-01;6.255205549290082656e-02;-3.999750833059258909e-02;2.237270937874407187e-02;3.281548633146074700e-01;2.685241515491771924e-01;0.000000000000000000e+00;9.489279894548198202e-01;0.000000000000000000e+00
-9.115068750424809574e-03;-4.732916316168659168e-03;-1.055126228253481201e-02;-7.141555670223537211e-02;1.959603549747059859e-01;-4.418803001338914710e-02;-1.289649162902612107e-03;3.203061338385942980e-01;3.457188216513600865e-01;1.000000000000000000e+00;1.021046738879252347e+00;0.000000000000000000e+00
-1.131895333868510739e-02;-4.003438176225270276e-03;-8.519510970238002023e-03;-5.589091085963858452e-02;1.552566861181491897e-01;-5.592085486836512881e-02;-2.571531003521358369e-02;3.364166474919960681e-01;3.513443142566755051e-01;1.000000000000000000e+00;1.064448753081609578e+00;0.000000000000000000e+00
3.556104622232154899e-02;1.351845235070669726e-01;-4.833583093661461202e-03;-1.097132676601196566e-01;-6.859791039806815982e-02;-5.424464902757102774e-02;-4.403455545033727742e-02;3.587234992784391618e-01;3.513443142566755051e-01;1.000000000000000000e+00;1.151348173398369257e+00;0.000000000000000000e+00
-1.714830716139429875e-02;-1.134944201165014564e-02;-3.610194590253507693e-03;-1.697459040974358124e-01;-2.540128263232778183e-01;-8.944501731614225293e-02;-2.434601224241876583e-03;4.078811841488892975e-01;3.579073933140700103e-01;1.000000000000000000e+00;1.205309583652266925e+00;0.000000000000000000e+00
3.959051702752795082e-02;-6.846599070753474348e-02;1.047114571853326598e-01;-4.138640534784750191e-03;2.298749033529772223e-01;-7.352104058616436288e-02;-1.108234728794079416e-01;4.306010561292141214e-01;3.479065233728784179e-01;1.000000000000000000e+00;1.310350785541805951e+00;0.000000000000000000e+00
-1.947938963408421542e-02;3.680633736648720317e-03;-1.150339042643722543e-03;4.761362862411022689e-02;3.723278125855425391e-01;-3.580636038937474314e-02;-1.321959304865031326e-01;4.533211351545023415e-01;2.732120315952527578e-01;1.000000000000000000e+00;1.370779113267641458e+00;0.000000000000000000e+00
-8.300978998388761076e-02;-3.931494913497877997e-02;-5.709917856217151116e-02;-1.033504214243753140e-03;3.203212131231432114e-01;3.878489865732107078e-02;-1.863903631259591354e-01;4.318402202333408990e-01;4.757308879945037483e-01;1.000000000000000000e+00;2.203059909673373173e+00;0.000000000000000000e+00
-1.737304539243478274e-02;1.241612786557762110e-01;-8.060644917100031823e-03;1.449217641682885860e-02;-8.442601142390875057e-02;1.016427002965651361e-01;-9.746568926606873073e-02;3.851612431535765824e-01;5.341738029479403682e-01;1.000000000000000000e+00;3.452535027912023935e+00;1.000000000000000000e+00
1.746665286985878141e-02;-2.955192918432018256e+00;-2.029321424794868767e-01;2.473773985141388410e-01;-1.477384155272711275e-01;1.804244833863279662e-01;-8.105470015582480481e-02;2.781711035489002337e-01;2.045564312414823949e+00;1.000000000000000000e+00;4.770653965255912787e+00;1.000000000000000000e+00
-9.669994235867522894e-03;1.739503695706423325e-01;-3.318287334066399169e-02;2.649717712496856503e+00;-1.058984957806247795e+00;7.733768964207586583e-02;-1.463170154740685291e-01;-6.120368662220950773e-01;4.049188100830743764e+00;1.000000000000000000e+00;7.884430760368384306e+00;1.000000000000000000e+00
-1.189035523402160073e-02;4.203140143971959009e-02;-8.223635194328833553e-02;5.187648575786212746e+00;-1.922747090876420595e+00;-2.872375803212168233e-01;6.929334512317504302e-01;-2.311683740920225105e-01;8.604540449144977288e-01;1.000000000000000000e+00;9.294000612096258607e+00;1.000000000000000000e+00
2.098175577883109266e+00;-6.199690898545249240e+00;2.182348843480299116e+00;5.223875305783708178e+00;-2.160168606264029290e+00;-6.979085541779719293e-01;6.776674237472268825e-01;-4.410178647351630232e-01;-3.405949573067326153e-01;1.000000000000000000e+00;1.483009860890696530e+01;1.000000000000000000e+00
-9.750837163972023158e-02;1.983746400770808049e-01;3.856354481504008502e-01;5.160737662641608381e+00;-1.391375036896387529e+00;-9.962735179831286869e-01;5.786625197340464904e-02;-1.902724733989612782e-01;-1.612900712636112122e+00;1.000000000000000000e+00;1.536422307596563108e+01;1.000000000000000000e+00
1.275298809015387924e+01;2.696833361203161417e-01;1.255337099394875544e+01;4.749824227694743328e+00;-3.987269049745382765e-01;-9.309015012067537453e-01;2.084610663029171779e-02;-9.856653099997197964e-02;-2.808636881605189206e+00;1.000000000000000000e+00;1.550490225438240088e+01;1.000000000000000000e+00
-2.674720960786136081e-01;1.860794891517598693e-01;6.636238276489088428e-02;3.067876124222919998e+00;-9.346212765657053723e-01;-9.753209253042820492e-01;-2.371499427695243634e-01;1.030210719432981120e-01;-3.522765620879659387e+00;1.000000000000000000e+00;1.511796213536158895e+01;1.000000000000000000e+00
-2.295341736986784287e-01;1.152101072146529237e+00;-4.443273882680016662e-01;1.279317699199930658e+00;-1.366502321874535575e+00;-7.993190995965621104e-01;-9.638133611331710648e-01;4.330797294124059671e-01;-2.986465804790055856e+00;1.000000000000000000e+00;1.300092028335495087e+01;1.000000000000000000e+00
-2.882942272427987257e-02;1.140466138412597474e-01;6.066368108364555284e-02;1.386976166072478867e-01;-1.798383473314647762e+00;-4.707823582754849800e-01;-1.028312359136553278e+00;5.933584114687330269e-01;-2.763632575262420676e+00;1.000000000000000000e+00;1.228530669496160499e+01;1.000000000000000000e+00
-9.075087835564364935e-01;-1.150996029371395696e-01;-7.535510936363782886e-01;-3.550262770043124960e-01;-5.547654249199073240e-01;-2.637672871725683099e-01;-9.932004959221492069e-01;7.226555753973221696e-01;-2.653622379337462256e+00;1.000000000000000000e+00;7.570168804059377976e+00;1.000000000000000000e+00
5.628342695387387323e-02;5.826184848077600037e-02;5.841444453673350079e-02;-6.427688882576345630e-01;7.544447487450102185e-01;-1.246420355942136765e-01;-9.416775893993415414e-01;7.784224460572259918e-01;-2.382347157011902805e+00;1.000000000000000000e+00;7.850109887540463127e+00;1.000000000000000000e+00
1.274839256404481924e-01;5.117195682522760608e-02;8.436853627217641427e-02;-9.884741023294466578e-01;1.028044889926716499e+00;-4.418404981068400211e-02;-8.779418927701854169e-01;8.887173683478455377e-01;-2.202330505998356891e+00;1.000000000000000000e+00;7.468696369697791937e+00;1.000000000000000000e+00
-2.106465497291135414e+00;-6.523311092068234673e-01;-1.946185953307291161e+00;-1.389036640457901983e+00;1.104924204410967725e+00;2.621669227375611824e-02;-6.126945058202368788e-01;9.188727770728326583e-01;-2.283588050726216956e+00;1.000000000000000000e+00;9.274847602099944410e+00;1.000000000000000000e+00
1.408202613419148874e-01;3.158025820956426172e-02;9.292680640403486181e-02;-1.982117639398916831e+00;1.505149090120629252e+00;-4.793158108451238061e-03;-4.680487678792948358e-01;8.635186160393660826e-01;-2.277024945561661795e+00;0.000000000000000000e+00;9.404445856196394615e+00;1.000000000000000000e+00
-4.967178541413091786e+00;1.520677916631864579e-01;-4.433492813103751651e+00;-2.605214985707560604e+00;2.380217006605508612e+00;3.543583619947585778e-02;-6.344485949856829565e-01;7.135673367422439295e-01;-1.911990999706691063e+00;0.000000000000000000e+00;1.151805376125925839e+01;1.000000000000000000e+00
-3.676116645026451801e-02;4.224865521989824846e-02;-1.997778404133365368e-02;-3.140333449844351588e+00;2.230980928736961300e+00;9.996985076032532946e-02;-7.645915749350573609e-01;3.818564604676336627e-01;-1.380066574006544533e+00;0.000000000000000000e+00;1.145438810011606456e+01;1.000000000000000000e+00
-4.505976806992660677e+00;2.802705213098074744e+00;-4.356205857457547737e+00;-3.738589751449715948e+00;7.205274197271467340e-01;2.281997714543294864e-01;-9.058024566919815612e-01;3.855742978549522304e-01;-8.353284406874869061e-01;0.000000000000000000e+00;1.151549359018051888e+01;1.000000000000000000e+00
-2.105387536415159397e-02;1.118952715302384687e-01;-3.337538673645108062e-02;-3.816218125456107835e+00;2.027223398067717619e-01;5.206980942791447076e-01;-8.325254610037278180e-01;2.719745928783894873e-01;-1.002601140069501184e-01;0.000000000000000000e+00;1.118318159700837100e+01;1.000000000000000000e+00
-1.816953556010746151e+00;2.560922244735115427e+00;-1.640745352098287091e+00;-3.232452457551799885e+00;1.281041395529488869e-01;7.243573328818603274e-01;-6.638356978933909192e-01;2.116636373984399910e-01;4.279139528312992935e-01;0.000000000000000000e+00;8.953929279635616467e+00;1.000000000000000000e+00
6.115065504976120205e-03;1.404733283362105956e-01;-4.230557787213004572e-02;-2.452028203299337239e+00;2.547289689859300599e-01;7.545291418680531992e-01;-3.535534788540652951e-01;8.319282442505923636e-02;1.285180994885183559e+00;0.000000000000000000e+00;8.005744130612791665e+00;1.000000000000000000e+00
-2.537686659645699283e-01;4.552881861403059172e-01;-3.214434624926622019e-01;-1.242060240679544902e+00;-7.818380724710514897e-04;5.030978723705321620e-01;1.588464450969452602e-02;1.571358618276751384e-01;1.508639229833217632e+00;0.000000000000000000e+00;5.175147897935208796e+00;1.000000000000000000e+00
2.110662134502251652e-02;4.165518147892665474e-02;-3.537442807328373268e-02;-3.871126968560627546e-01;-1.861967624881832317e-01;1.971899091134186044e-01;1.685450373156303361e-01;3.050217295879438795e-01;1.065473184066947354e+00;0.000000000000000000e+00;4.477247024582861279e+00;1.000000000000000000e+00
3.562497469273236128e-02;5.511570879184783493e-03;-3.067235207095868332e-02;3.932602229586733972e-02;-2.223752821509983602e-01;-7.307470174020999805e-03;4.816768207160876912e-03;5.008262216370175102e-01;6.488719572404554325e-01;0.000000000000000000e+00;2.804580002909178749e+00;1.000000000000000000e+00
1.345387948315406312e-01;-1.287300697796470439e-01;-4.252784494822215572e-02;1.335151627286433607e-01;-3.354331587505777201e-01;-6.597475249073893322e-02;-5.891894117450344887e-02;5.185892991708597188e-01;3.050899970731092981e-01;0.000000000000000000e+00;2.129490743227783867e+00;0.000000000000000000e+00
2.296450132537588076e-02;-2.352731122149220519e-02;-1.171459848613195208e-02;2.276529473477809443e-02;-4.484910353501570524e-01;-9.111787157292293438e-02;-1.348674852962947479e-01;5.941845208714844340e-01;2.131362205315916192e-02;0.000000000000000000e+00;1.581178094200145656e+00;0.000000000000000000e+00
9.564853595937065911e-02;2.770360295157211009e-02;4.042931530843367136e-03;-2.277670314332021564e-02;-2.155918057342974536e-01;-9.279408370777152137e-02;-2.596673333091966129e-01;5.660943856533754426e-01;3.725264395282804064e-02;0.000000000000000000e+00;1.417802483507937028e+00;0.000000000000000000e+00
1.992559228337324739e-02;-2.606246854416297346e-02;-9.528098064589988342e-03;-6.313985189891281602e-02;-1.477474579125102050e-01;-8.357661872108573808e-02;-2.646288241229371452e-01;5.446134707322140001e-01;-9.001725445058920624e-03;0.000000000000000000e+00;1.386963968382683321e+00;0.000000000000000000e+00
2.985032255089030070e-02;1.859139876948279202e-01;-2.335586214049897510e-02;-1.283477093834589355e-01;-1.590532625534732958e-01;-7.351936479415764614e-02;-2.776049379204010292e-01;5.450268705085282717e-01;4.749568625931146343e-03;0.000000000000000000e+00;1.348703052117920187e+00;0.000000000000000000e+00
4.930741161346341439e-03;-1.665273042614110952e-02;-7.876455467589211362e-03;-1.769948451367100439e-01;-1.545309449423393489e-01;-4.921434627210027196e-02;-3.001223380244544270e-01;5.342864130479472173e-01;6.569271411824575968e-02;0.000000000000000000e+00;1.339720740725729442e+00;0.000000000000000000e+00
-4.370498463862951266e-02;1.595701122428882790e-01;-2.964582285345537110e-02;-2.018359287052849393e-01;-8.217389924883215790e-02;-2.826174572568558932e-02;-3.089003229568176301e-01;5.355259222270128960e-01;1.041337847606572664e-01;0.000000000000000000e+00;1.318789727228242503e+00;0.000000000000000000e+00
5.529164368924789630e-03;-6.572331655003783683e-03;-1.239114050260468544e-02;-1.573289865018946132e-01;8.967407445610382777e-02;2.118639109179898741e-02;-3.279828700649802253e-01;5.053705135020257755e-01;1.910169004153138006e-01;0.000000000000000000e+00;1.406883217849048462e+00;0.000000000000000000e+00
2.430940251278795438e-03;-5.831924856940575190e-04;-1.056348254408889450e-02;-1.811350289702470806e-01;8.515176109022117024e-02;4.381520141279182656e-02;-2.543242236896133823e-01;4.413415135897945651e-01;1.766406009239248620e-01;0.000000000000000000e+00;1.420027515774302529e+00;0.000000000000000000e+00
-7.711914391635026067e-02;2.592692849989736148e-01;-9.323784335368506815e-02;-2.380625226742486000e-01;-5.504000844040798229e-02;4.046278501066275651e-02;-2.821847429776310756e-01;4.310141108305895474e-01;2.203946092471315843e-01;0.000000000000000000e+00;1.538379100901384966e+00;0.000000000000000000e+00
6.733260404434712743e-03;1.819139761617550276e-03;-1.395906681504579562e-02;-2.566933304925178572e-01;-1.680978977757411896e-01;9.410144272418707878e-02;-3.012672900857936709e-01;4.169692157590041415e-01;2.466470299053519499e-01;0.000000000000000000e+00;1.512804796277692487e+00;0.000000000000000000e+00
-1.329069497258260901e-01;2.670957199580446528e-01;-1.896564563068305620e-01;-2.608335337587023850e-01;-2.133210399250703715e-01;1.326542305619146100e-01;-2.127242796655244850e-01;3.570711079354675910e-01;2.541477215219862251e-01;0.000000000000000000e+00;1.559145372206268476e+00;0.000000000000000000e+00
1.131304330030759829e-02;4.899551083806789019e-03;-1.491202924058485958e-02;-2.846395762270548802e-01;-1.907094646051544773e-01;1.083492120398572428e-01;-1.577665360874611900e-01;3.401344848793146913e-01;2.275827981535666622e-01;0.000000000000000000e+00;1.557814460211053520e+00;0.000000000000000000e+00
-8.467786172219041174e-02;2.722644170062777369e-01;-9.227970400574858623e-02;-2.784293101930729875e-01;-2.564496094904249179e-02;8.488229879846734272e-02;-1.478436182225208728e-01;3.046087439015560672e-01;3.044649133312294365e-01;0.000000000000000000e+00;1.473829291003981856e+00;0.000000000000000000e+00
1.186071916539435493e-02;2.400516644496052468e-02;-2.015734150764679142e-02;-1.935555707545345561e-01;3.992860832776378571e-02;6.309159297138518252e-02;-1.054803600716976708e-01;2.566904301801958277e-01;4.732306835627859698e-01;0.000000000000000000e+00;1.456534761290099622e+00;0.000000000000000000e+00
8.026615967648879912e-02;-1.189971004277023819e-01;8.290394405548461021e-02;-5.589453407675245428e-02;3.088397735074718126e-02;-3.956730350655448571e-03;-4.517950846811465831e-02;2.599951438511514112e-01;5.147969379501535769e-01;0.000000000000000000e+00;1.361962872568457827e+00;0.000000000000000000e+00
6.049818921772518766e-03;-1.387936963218219365e-04;-1.117272456939407202e-02;1.179930829671400755e-01;1.914261612730995821e-01;-6.765263727056698706e-02;-1.352491359834078477e-01;3.533532705481489677e-01;5.194848702105500093e-01;0.000000000000000000e+00;1.496796492495997333e+00;0.000000000000000000e+00
-7.802228409572622807e-03;5.296789906260835137e-03;7.420304458405383927e-04;2.525489798265046493e-01;1.507253282444017961e-01;-7.938609546477555512e-02;-1.924967804960226181e-01;4.120120762375835688e-01;3.519693979985553667e-01;1.000000000000000000e+00;2.055788801128052956e+00;0.000000000000000000e+00
2.104335193100663470e-02;-2.213700843417773789e-01;7.018288337684011613e-02;2.494438565258373930e-01;1.416806993900108225e-01;-2.993795471350693682e-02;-3.879020598230054628e-01;5.557669828941704804e-01;4.719805421861864581e-01;1.000000000000000000e+00;3.884943222892172088e+00;1.000000000000000000e+00
-2.174061212879430105e-02;1.835899021341990123e-01;-6.317180064943521411e-03;7.493707969428582416e-01;5.735618083776101717e-01;2.181408338678265668e-01;-7.107787642895710967e-01;5.962501394533008536e-01;1.889299642663337053e+00;1.000000000000000000e+00;5.525967081147136639e+00;1.000000000000000000e+00
-1.855761006693867343e-01;-4.188825235041949036e+00;-4.605412639943166631e-01;2.564842807099472211e+00;-5.955667137682903178e-02;5.299142815727699851e-01;-7.153585725349280722e-01;2.195121598294901277e-01;3.238799911451936797e+00;1.000000000000000000e+00;1.186081658338239464e+01;1.000000000000000000e+00
-8.991166147972776482e-03;1.772833604909243022e-01;-5.924811904937175855e-02;4.551094801272894230e+00;-2.524218432190674211e+00;4.268274878285179263e-01;-1.279977633638780532e-01;-2.336469093452391288e-01;2.929709146047573043e+00;1.000000000000000000e+00;1.394132473090437685e+01;1.000000000000000000e+00
1.120072837798436183e+01;-6.461105483698117879e+00;1.059125698516437097e+01;6.092277470575651499e+00;-3.333712923737290890e+00;-7.100631405710673694e-02;6.784307251214530821e-01;-5.492473064739415989e-01;4.338519220396534481e-01;1.000000000000000000e+00;1.888412778327606389e+01;1.000000000000000000e+00
5.437020952793967243e-01;3.452611572585864708e-01;2.299340576537411140e-01;6.318952598617909366e+00;-3.109858276278057776e+00;-6.660601978985291050e-01;4.597447219993014422e-01;-8.177553957615534275e-01;-1.444760091414336589e+00;1.000000000000000000e+00;2.037676143421799324e+01;1.000000000000000000e+00
6.717006049392467482e+00;5.225065432875270588e+00;5.842272412174080110e+00;5.872847610802303997e+00;-2.709633178305832057e+00;-1.046559394239363616e+00;4.017337537955712468e-01;-8.892198288959650698e-01;-3.101789068931611659e+00;1.000000000000000000e+00;2.010668617958150151e+01;1.000000000000000000e+00
-3.868943672428295510e-01;2.270609705149593815e-01;3.879458982422587243e-02;4.047027958795724523e+00;-3.039762385144866741e+00;-1.322295627185965383e+00;-8.830606639910053290e-02;-5.459425928029862929e-01;-4.208767027663354199e+00;1.000000000000000000e+00;2.001851041167725498e+01;1.000000000000000000e+00
-1.900812783812332041e-01;1.653591306537118555e-01;4.455238998455837068e-06;2.254329116747430195e+00;-1.683067823497401916e+00;-1.209989711545184310e+00;-1.061516064559203221e+00;-1.828369366542992591e-01;-3.795290958474657916e+00;1.000000000000000000e+00;1.476898752042195184e+01;1.000000000000000000e+00
-2.365674258399806662e-01;1.576514280031942494e+00;-5.720863401241842450e-01;1.041255914231085544e+00;-1.956667922226595246e+00;-7.289179759350687959e-01;-1.425611011352712287e+00;-4.775666183151362071e-02;-2.924585046738501504e+00;1.000000000000000000e+00;1.369057989991171098e+01;1.000000000000000000e+00
1.194266316710245468e-01;1.271613237422089537e-01;3.717816392301258321e-02;2.949881911797895273e-01;-2.488039976206628534e+00;-3.660189228271655826e-01;-1.276767115853526091e+00;1.046734632862697106e-01;-3.100226372630491944e+00;1.000000000000000000e+00;9.429610821430086887e+00;1.000000000000000000e+00
-3.321379187874672900e-01;-9.802840142971311344e-02;-4.670370482430153403e-01;-1.842378397858698003e-01;-1.219530533684377804e+00;-2.025886369916174157e-01;-1.177156254635739474e+00;3.764862662448371089e-01;-3.408379969297343770e+00;1.000000000000000000e+00;8.690181747739808671e+00;1.000000000000000000e+00
-4.189547939774272006e-02;4.139906929904429295e-02;5.922494948135649355e-03;-7.814589836951267854e-01;2.864004242254816757e-01;-6.765389608146404887e-02;-1.274095592925004850e+00;6.193829281050255986e-01;-3.122103389845675814e+00;1.000000000000000000e+00;8.148073610637815989e+00;1.000000000000000000e+00
-6.587826132487851760e-01;-1.522510215616381002e+00;-4.440746727141260952e-01;-1.213072949156728697e+00;8.087278642095034886e-01;1.636628262243603471e-01;-1.343556049860857415e+00;7.924673411288113423e-01;-2.521422611272800207e+00;1.000000000000000000e+00;8.380224124133684782e+00;1.000000000000000000e+00
9.609966006243894632e-02;4.318478939464744787e-02;6.707216607254742891e-02;-1.453203533771288303e+00;8.245559227828311855e-01;4.301799136717286975e-01;-1.001978461725750336e+00;8.911956965560990929e-01;-2.482356509102829900e+00;1.000000000000000000e+00;8.589280131917311323e+00;1.000000000000000000e+00
-1.359031022594304527e+00;-2.040727600393311914e+00;-8.500387095156899386e-01;-1.737840905128058555e+00;1.385323051848363241e+00;5.005806439548166065e-01;-5.775826107245624064e-01;8.490610113413435966e-01;-2.602680103786338961e+00;1.000000000000000000e+00;1.081025060841583318e+01;1.000000000000000000e+00
1.219788934702143307e-01;3.125702697564144289e-02;7.187308042222027848e-02;-2.063880406309910764e+00;2.784979641414728757e+00;4.569992260065978140e-01;-4.394249344645428379e-01;6.660619051847900263e-01;-2.532361093773231264e+00;1.000000000000000000e+00;1.105541387351755667e+01;1.000000000000000000e+00
-5.405277053871383686e+00;-1.510377563453469962e+00;-5.109497383290649175e+00;-2.533790873047093939e+00;3.069885459879859724e+00;3.446932788955442972e-01;-4.291203659124894210e-01;3.686376747987993863e-01;-2.020126074941811289e+00;1.000000000000000000e+00;1.069789603565865654e+01;1.000000000000000000e+00
5.741469725762531062e-02;-1.430797926203203514e-02;5.574219893602719994e-02;-3.214848422242270409e+00;1.629534231106422260e+00;2.466340814633342648e-01;-4.073662448657729973e-01;3.281548633146074700e-01;-1.757289130684965617e+00;1.000000000000000000e+00;1.288737252886156170e+01;1.000000000000000000e+00
-1.434175811294003400e-01;5.587382318971930578e-02;-1.203569469807626996e-01;-3.652672576007264027e+00;1.113990363057255184e+00;2.240052561939619991e-01;-4.275937631640370773e-01;2.248825610972497446e-01;-1.360377245459299056e+00;1.000000000000000000e+00;1.308427390277651625e+01;1.000000000000000000e+00
-5.968520490086087094e+00;2.132802298775878569e+00;-5.617632751824776172e+00;-3.742721520946914460e+00;1.374023466500533974e+00;2.600437376307688231e-01;-5.394175101319831356e-01;1.315241928477952071e-01;-6.599996436128565680e-01;1.000000000000000000e+00;1.406313832646517525e+01;1.000000000000000000e+00
